iId,iGroupId,iLevel,iHp,iMp,iSkillId,iMaxAttack,iMinAttack,iDefense,iSpeed,iHitRate,iDodgeRate,iCriRate,iBogeyRate,iCoinBonus,iExpBonus,iCouponBonus,iGoldBonus,iFigure
1,1,1,60,0,9001,1,0,40,12,0,1,2,1,0,5,0,0,21110
2,1,2,65,0,9001,1,1,50,12,0,1,2,1,0,10,0,0,21110
3,1,3,70,0,9001,2,1,57,12,0,2,3,1,0,15,0,0,21110
4,1,4,76,0,9001,3,2,64,12,0,2,3,2,0,20,0,0,21110
5,1,5,82,0,9001,4,2,70,12,0,2,3,2,0,30,0,0,21110
6,1,6,88,0,9001,5,3,76,12,1,3,4,2,0,40,0,0,21110
7,1,7,94,0,9001,6,3,82,12,1,3,4,2,0,50,0,0,21110
8,1,8,100,0,9001,7,4,88,12,1,3,4,3,0,60,0,0,21110
9,1,9,105,0,9001,7,5,94,12,1,4,5,3,0,80,0,0,21110
10,1,10,110,0,9001,8,6,100,12,1,4,5,3,0,100,0,0,21110
11,1,11,116,0,9001,9,7,106,12,2,4,6,3,0,120,0,0,21110
12,1,12,123,0,9001,9,8,112,12,2,5,6,4,0,150,0,0,21110
13,1,13,130,0,9001,10,9,118,12,2,5,6,4,0,175,0,0,21110
14,1,14,137,0,9001,11,10,124,12,2,5,7,4,0,200,0,0,21110
15,1,15,145,0,9001,12,11,134,12,2,6,7,4,0,230,0,0,21110
16,1,16,153,0,9001,13,11,144,12,3,6,8,5,0,270,0,0,21110
17,1,17,161,0,9001,14,12,154,12,3,7,8,5,0,300,0,0,21110
18,1,18,170,0,9001,15,12,164,12,3,7,9,5,0,340,0,0,21110
19,1,19,180,0,9001,16,13,174,12,3,8,9,6,0,370,0,0,21110
20,1,20,190,0,9001,17,14,185,12,3,8,10,6,0,400,0,0,21110
21,1,21,205,0,9001,19,17,198,12,4,9,11,6,0,420,0,0,21110
22,1,22,236,0,9001,21,18,207,12,4,10,12,7,0,440,0,0,21110
23,1,23,245,0,9001,22,19,216,12,4,10,12,7,0,460,0,0,21110
24,1,24,254,0,9001,23,20,224,12,4,10,12,7,0,480,0,0,21110
25,1,25,263,0,9001,23,20,232,12,4,10,13,7,0,500,0,0,21110
26,1,26,272,0,9001,24,21,241,12,4,11,13,8,0,520,0,0,21110
27,1,27,281,0,9001,25,23,250,12,4,11,13,8,0,540,0,0,21110
28,1,28,290,0,9001,26,23,261,12,5,12,14,8,0,560,0,0,21110
29,1,29,312,0,9001,28,25,273,12,5,12,15,8,0,580,0,0,21110
30,1,30,324,0,9001,30,28,286,12,5,13,16,9,0,600,0,0,21110
31,1,31,336,0,9001,31,28,299,12,5,13,16,9,0,620,0,0,21110
32,1,32,348,0,9001,32,29,307,12,5,13,17,9,0,640,0,0,21110
33,1,33,360,0,9001,33,30,315,12,5,14,17,9,0,660,0,0,21110
34,1,34,373,0,9001,34,31,323,12,5,14,18,10,0,680,0,0,21110
35,1,35,387,0,9001,35,32,331,12,6,15,18,10,0,700,0,0,21110
36,1,36,400,0,9001,36,33,339,12,6,15,19,10,0,720,0,0,21110
37,1,37,413,0,9001,37,34,348,12,6,16,19,11,0,740,0,0,21110
38,1,38,426,0,9001,38,35,357,12,6,16,20,11,0,760,0,0,21110
39,1,39,440,0,9001,39,36,366,12,6,16,20,11,0,780,0,0,21110
40,1,40,454,0,9001,40,37,375,12,6,16,21,12,0,800,0,0,21110
41,1,41,490,0,9001,47,42,384,12,6,16,21,12,0,820,0,0,21110
42,1,42,528,0,9001,54,49,393,12,6,16,21,13,0,840,0,0,21110
43,1,43,550,0,9001,57,51,401,12,7,17,22,13,0,860,0,0,21110
44,1,44,572,0,9001,60,53,409,12,7,17,22,13,0,880,0,0,21110
45,1,45,594,0,9001,63,55,417,12,7,17,23,13,0,900,0,0,21110
46,1,46,616,0,9001,66,57,425,12,7,18,23,14,0,930,0,0,21110
47,1,47,638,0,9001,69,59,433,12,7,18,24,14,0,960,0,0,21110
48,1,48,660,0,9001,72,61,441,12,7,18,24,14,0,990,0,0,21110
49,1,49,683,0,9001,75,64,449,12,8,19,25,14,0,1020,0,0,21110
50,1,50,706,0,9001,78,68,457,12,8,19,25,14,0,1050,0,0,21110
51,1,51,729,0,9001,81,72,465,12,8,20,26,15,0,1080,0,0,21110
52,1,52,752,0,9001,84,76,473,12,8,20,26,15,0,1120,0,0,21110
53,1,53,775,0,9001,88,80,482,12,8,20,27,15,0,1160,0,0,21110
54,1,54,801,0,9001,92,84,491,12,8,21,27,16,0,1200,0,0,21110
55,1,55,824,0,9001,96,88,508,12,9,21,28,16,0,1240,0,0,21110
56,1,56,848,0,9001,101,92,526,12,9,21,28,16,0,1280,0,0,21110
57,1,57,872,0,9001,105,96,544,12,9,22,28,17,0,1320,0,0,21110
58,1,58,896,0,9001,109,100,562,12,9,22,29,17,0,1360,0,0,21110
59,1,59,920,0,9001,113,104,580,12,9,22,29,17,0,1400,0,0,21110
60,1,60,944,0,9001,117,108,598,12,9,23,30,17,0,1440,0,0,21110
61,1,61,968,0,9001,121,112,616,12,9,23,30,18,0,1480,0,0,21110
62,1,62,992,0,9001,125,116,634,12,10,23,30,18,0,1520,0,0,21110
63,1,63,992,0,9001,129,120,652,12,10,24,31,18,0,1560,0,0,21110
64,1,64,1016,0,9001,133,124,670,12,10,24,31,18,0,1600,0,0,21110
65,1,65,1040,0,9001,137,128,688,12,10,24,31,19,0,1640,0,0,21110
66,1,66,1064,0,9001,141,132,706,12,10,25,32,19,0,1680,0,0,21110
67,1,67,1088,0,9001,145,136,724,12,10,25,32,19,0,1720,0,0,21110
68,1,68,1112,0,9001,149,140,742,12,10,25,32,19,0,1760,0,0,21110
69,1,69,1136,0,9001,153,144,760,12,11,26,33,20,0,1800,0,0,21110
70,1,70,1160,0,9001,157,148,778,12,11,26,33,20,0,1850,0,0,21110
71,1,71,0,0,9001,0,0,0,12,0,0,0,0,0,0,0,0,21110
72,1,72,0,0,9001,0,0,0,12,0,0,0,0,0,0,0,0,21110
73,1,73,0,0,9001,0,0,0,12,0,0,0,0,0,0,0,0,21110
74,1,74,0,0,9001,0,0,0,12,0,0,0,0,0,0,0,0,21110
75,1,75,0,0,9001,0,0,0,12,0,0,0,0,0,0,0,0,21110
76,1,76,0,0,9001,0,0,0,12,0,0,0,0,0,0,0,0,21110
77,1,77,0,0,9001,0,0,0,12,0,0,0,0,0,0,0,0,21110
78,1,78,0,0,9001,0,0,0,12,0,0,0,0,0,0,0,0,21110
79,1,79,0,0,9001,0,0,0,12,0,0,0,0,0,0,0,0,21110
80,1,80,0,0,9001,0,0,0,12,0,0,0,0,0,0,0,0,21110
101,2,1,36,0,9001,1,0,20,13,0,0,2,0,0,5,0,0,22110
102,2,2,42,0,9001,2,1,35,13,0,0,2,0,0,10,0,0,22110
103,2,3,50,0,9001,3,2,50,13,0,1,3,1,0,15,0,0,22110
104,2,4,58,0,9001,4,3,66,13,0,1,3,1,0,20,0,0,22110
105,2,5,67,0,9001,5,4,82,13,0,1,3,1,0,30,0,0,22110
106,2,6,75,0,9001,6,5,98,13,0,2,4,1,0,40,0,0,22110
107,2,7,81,0,9001,7,6,114,13,0,2,4,1,0,50,0,0,22110
108,2,8,88,0,9001,8,7,130,13,0,2,4,2,0,60,0,0,22110
109,2,9,95,0,9001,9,8,146,13,1,3,3,2,0,80,0,0,22110
110,2,10,101,0,9001,10,9,162,13,1,3,3,2,0,100,0,0,22110
111,2,11,108,0,9001,11,10,178,13,1,3,3,2,0,120,0,0,22110
112,2,12,116,0,9001,11,10,194,13,1,4,4,2,0,150,0,0,22110
113,2,13,123,0,9001,12,11,212,13,1,4,4,3,0,175,0,0,22110
114,2,14,131,0,9001,13,12,228,13,1,4,4,3,0,200,0,0,22110
115,2,15,139,0,9001,14,13,244,13,1,5,5,3,0,230,0,0,22110
116,2,16,147,0,9001,15,14,250,13,1,5,5,3,0,270,0,0,22110
117,2,17,156,0,9001,16,15,266,13,1,5,5,3,0,300,0,0,22110
118,2,18,166,0,9001,18,16,282,13,1,6,6,4,0,340,0,0,22110
119,2,19,176,0,9001,20,18,299,13,1,6,6,4,0,370,0,0,22110
120,2,20,186,0,9001,22,20,316,13,1,7,7,4,0,400,0,0,22110
121,2,21,196,0,9001,24,22,333,13,1,7,7,4,0,420,0,0,22110
122,2,22,206,0,9001,26,23,350,13,1,7,7,4,0,440,0,0,22110
123,2,23,217,0,9001,27,24,368,13,2,7,7,4,0,460,0,0,22110
124,2,24,230,0,9001,28,25,386,13,2,8,8,5,0,480,0,0,22110
125,2,25,248,0,9001,30,27,404,13,2,8,8,5,0,500,0,0,22110
126,2,26,264,0,9001,32,29,422,13,2,8,8,5,0,520,0,0,22110
127,2,27,277,0,9001,34,31,440,13,2,8,8,6,0,540,0,0,22110
128,2,28,290,0,9001,36,33,458,13,2,9,9,6,0,560,0,0,22110
129,2,29,314,0,9001,38,35,477,13,2,9,9,6,0,580,0,0,22110
130,2,30,328,0,9001,39,36,495,13,2,9,9,6,0,600,0,0,22110
131,2,31,342,0,9001,40,37,510,13,2,9,9,7,0,620,0,0,22110
132,2,32,356,0,9001,42,39,528,13,2,10,10,7,0,640,0,0,22110
133,2,33,370,0,9001,44,41,546,13,2,10,10,7,0,660,0,0,22110
134,2,34,385,0,9001,45,42,562,13,2,10,10,7,0,680,0,0,22110
135,2,35,400,0,9001,46,43,580,13,2,11,11,8,0,700,0,0,22110
136,2,36,415,0,9001,48,45,598,13,3,11,11,8,0,720,0,0,22110
137,2,37,430,0,9001,50,47,618,13,3,11,11,8,0,740,0,0,22110
138,2,38,445,0,9001,52,49,636,13,3,12,12,8,0,760,0,0,22110
139,2,39,460,0,9001,54,51,654,13,3,12,12,8,0,780,0,0,22110
140,2,40,475,0,9001,55,52,670,13,3,12,12,9,0,800,0,0,22110
141,2,41,493,0,9001,60,56,683,13,3,12,12,9,0,820,0,0,22110
142,2,42,511,0,9001,65,60,696,13,3,13,13,9,0,840,0,0,22110
143,2,43,529,0,9001,70,64,710,13,3,13,13,9,0,860,0,0,22110
144,2,44,547,0,9001,75,68,724,13,3,13,13,9,0,880,0,0,22110
145,2,45,565,0,9001,80,72,738,13,3,14,14,9,0,900,0,0,22110
146,2,46,584,0,9001,85,76,752,13,3,14,14,9,0,930,0,0,22110
147,2,47,593,0,9001,90,80,766,13,3,14,14,9,0,960,0,0,22110
148,2,48,612,0,9001,95,85,780,13,3,14,14,9,0,990,0,0,22110
149,2,49,640,0,9001,100,91,795,13,3,15,15,10,0,1020,0,0,22110
150,2,50,662,0,9001,105,95,811,13,3,15,15,10,0,1050,0,0,22110
151,2,51,685,0,9001,110,99,827,13,3,15,15,10,0,1080,0,0,22110
152,2,52,708,0,9001,115,103,844,13,3,16,16,10,0,1120,0,0,22110
153,2,53,732,0,9001,120,107,860,13,4,16,16,10,0,1160,0,0,22110
154,2,54,756,0,9001,125,112,876,13,4,17,17,11,0,1200,0,0,22110
155,2,55,780,0,9001,130,117,892,13,4,17,17,11,0,1240,0,0,22110
156,2,56,805,0,9001,135,122,908,13,4,17,17,11,0,1280,0,0,22110
157,2,57,830,0,9001,140,127,925,13,4,17,17,11,0,1320,0,0,22110
158,2,58,855,0,9001,146,132,943,13,4,17,17,11,0,1360,0,0,22110
159,2,59,882,0,9001,152,137,958,13,4,18,18,12,0,1400,0,0,22110
160,2,60,910,0,9001,158,142,975,13,4,18,18,12,0,1440,0,0,22110
161,2,61,937,0,9001,164,147,1002,13,4,18,18,12,0,1480,0,0,22110
162,2,62,964,0,9001,170,152,1029,13,4,18,18,12,0,1520,0,0,22110
163,2,63,991,0,9001,176,157,1056,13,4,18,18,12,0,1560,0,0,22110
164,2,64,1018,0,9001,182,162,1083,13,4,19,19,13,0,1600,0,0,22110
165,2,65,1045,0,9001,188,167,1110,13,4,19,19,13,0,1640,0,0,22110
166,2,66,1072,0,9001,194,172,1137,13,4,19,19,13,0,1680,0,0,22110
167,2,67,1099,0,9001,200,177,1164,13,4,19,19,13,0,1720,0,0,22110
168,2,68,1126,0,9001,206,182,1191,13,4,19,19,13,0,1760,0,0,22110
169,2,69,1153,0,9001,212,187,1218,13,4,19,19,13,0,1800,0,0,22110
170,2,70,1180,0,9001,218,192,1245,13,4,20,20,14,0,1850,0,0,22110
171,2,71,0,0,9001,0,0,0,13,0,0,0,0,0,0,0,0,22110
172,2,72,0,0,9001,0,0,0,13,0,0,0,0,0,0,0,0,22110
173,2,73,0,0,9001,0,0,0,13,0,0,0,0,0,0,0,0,22110
174,2,74,0,0,9001,0,0,0,13,0,0,0,0,0,0,0,0,22110
175,2,75,0,0,9001,0,0,0,13,0,0,0,0,0,0,0,0,22110
176,2,76,0,0,9001,0,0,0,13,0,0,0,0,0,0,0,0,22110
177,2,77,0,0,9001,0,0,0,13,0,0,0,0,0,0,0,0,22110
178,2,78,0,0,9001,0,0,0,13,0,0,0,0,0,0,0,0,22110
179,2,79,0,0,9001,0,0,0,13,0,0,0,0,0,0,0,0,22110
180,2,80,0,0,9001,0,0,0,13,0,0,0,0,0,0,0,0,22110
201,3,1,54,0,9001,1,0,94,16,0,1,1,1,0,5,0,0,23110
202,3,2,60,0,9001,1,1,104,16,0,1,1,1,0,10,0,0,23110
203,3,3,66,0,9001,2,1,111,16,0,1,1,1,0,15,0,0,23110
204,3,4,72,0,9001,3,2,119,16,0,1,1,1,0,20,0,0,23110
205,3,5,78,0,9001,4,3,126,16,0,1,1,1,0,30,0,0,23110
206,3,6,84,0,9001,5,3,133,16,0,2,2,2,0,40,0,0,23110
207,3,7,90,0,9001,6,4,140,16,0,2,2,2,0,50,0,0,23110
208,3,8,96,0,9001,7,5,147,16,0,2,2,2,0,60,0,0,23110
209,3,9,102,0,9001,7,5,154,16,1,2,2,2,0,80,0,0,23110
210,3,10,108,0,9001,8,6,161,16,1,2,2,2,0,100,0,0,23110
211,3,11,114,0,9001,9,7,168,16,1,2,2,2,0,120,0,0,23110
212,3,12,120,0,9001,10,8,176,16,2,3,3,3,0,150,0,0,23110
213,3,13,126,0,9001,11,9,184,16,2,3,3,3,0,175,0,0,23110
214,3,14,134,0,9001,12,10,193,16,2,3,3,3,0,200,0,0,23110
215,3,15,142,0,9001,14,11,202,16,2,3,3,3,0,230,0,0,23110
216,3,16,150,0,9001,15,12,211,16,2,3,3,3,0,270,0,0,23110
217,3,17,158,0,9001,16,13,220,16,2,3,3,3,0,300,0,0,23110
218,3,18,166,0,9001,18,16,231,16,2,4,4,4,0,340,0,0,23110
219,3,19,176,0,9001,19,17,243,16,3,4,4,4,0,370,0,0,23110
220,3,20,188,0,9001,21,18,256,16,3,4,4,4,0,400,0,0,23110
221,3,21,200,0,9001,23,19,270,16,3,4,4,4,0,420,0,0,23110
222,3,22,212,0,9001,26,21,285,16,4,5,5,5,0,440,0,0,23110
223,3,23,224,0,9001,27,22,300,16,4,5,5,5,0,460,0,0,23110
224,3,24,236,0,9001,28,23,316,16,4,5,5,5,0,480,0,0,23110
225,3,25,248,0,9001,29,24,333,16,4,5,5,5,0,500,0,0,23110
226,3,26,262,0,9001,31,25,351,16,4,5,5,5,0,520,0,0,23110
227,3,27,276,0,9001,33,26,369,16,4,6,6,6,0,540,0,0,23110
228,3,28,290,0,9001,35,28,385,16,4,6,6,6,0,560,0,0,23110
229,3,29,306,0,9001,37,31,402,16,4,6,6,6,0,580,0,0,23110
230,3,30,320,0,9001,39,33,420,16,4,6,6,6,0,600,0,0,23110
231,3,31,338,0,9001,41,35,436,16,5,6,6,6,0,620,0,0,23110
232,3,32,356,0,9001,43,37,444,16,5,7,7,7,0,640,0,0,23110
233,3,33,372,0,9001,45,39,460,16,5,7,7,7,0,660,0,0,23110
234,3,34,388,0,9001,47,41,476,16,5,7,7,7,0,680,0,0,23110
235,3,35,406,0,9001,49,43,494,16,5,7,7,7,0,700,0,0,23110
236,3,36,424,0,9001,51,44,512,16,5,7,7,7,0,720,0,0,23110
237,3,37,442,0,9001,53,46,530,16,5,8,8,8,0,740,0,0,23110
238,3,38,460,0,9001,56,48,546,16,5,8,8,8,0,760,0,0,23110
239,3,39,479,0,9001,60,50,560,16,6,8,8,8,0,780,0,0,23110
240,3,40,500,0,9001,65,53,574,16,6,8,8,8,0,800,0,0,23110
241,3,41,529,0,9001,70,58,588,16,6,8,8,8,0,820,0,0,23110
242,3,42,556,0,9001,76,62,596,16,6,8,8,8,0,840,0,0,23110
243,3,43,567,0,9001,82,67,604,16,6,9,9,9,0,860,0,0,23110
244,3,44,593,0,9001,87,70,621,16,6,9,9,9,0,880,0,0,23110
245,3,45,619,0,9001,91,73,638,16,7,9,9,9,0,900,0,0,23110
246,3,46,648,0,9001,95,76,643,16,7,9,9,9,0,930,0,0,23110
247,3,47,677,0,9001,100,80,649,16,7,9,9,9,0,960,0,0,23110
248,3,48,706,0,9001,105,84,655,16,7,9,9,9,0,990,0,0,23110
249,3,49,735,0,9001,110,88,661,16,7,10,10,10,0,1020,0,0,23110
250,3,50,764,0,9001,115,92,674,16,7,10,10,10,0,1050,0,0,23110
251,3,51,793,0,9001,120,96,688,16,7,10,10,10,0,1080,0,0,23110
252,3,52,822,0,9001,125,101,702,16,7,10,10,10,0,1120,0,0,23110
253,3,53,851,0,9001,131,106,716,16,8,10,10,10,0,1160,0,0,23110
254,3,54,880,0,9001,137,111,730,16,8,10,10,10,0,1200,0,0,23110
255,3,55,910,0,9001,143,116,744,16,8,11,11,11,0,1240,0,0,23110
256,3,56,940,0,9001,149,122,756,16,8,11,11,11,0,1280,0,0,23110
257,3,57,980,0,9001,154,126,783,16,8,11,11,11,0,1320,0,0,23110
258,3,58,1020,0,9001,160,131,810,16,8,11,11,11,0,1360,0,0,23110
259,3,59,1070,0,9001,164,136,827,16,9,12,12,12,0,1400,0,0,23110
260,3,60,1107,0,9001,168,143,837,16,9,12,12,12,0,1440,0,0,23110
261,3,61,1144,0,9001,174,150,846,16,9,12,12,12,0,1480,0,0,23110
262,3,62,1181,0,9001,182,157,855,16,9,12,12,12,0,1520,0,0,23110
263,3,63,1218,0,9001,190,164,865,16,9,12,12,12,0,1560,0,0,23110
264,3,64,1255,0,9001,198,171,875,16,9,12,12,12,0,1600,0,0,23110
265,3,65,1292,0,9001,206,178,885,16,10,13,13,13,0,1640,0,0,23110
266,3,66,1329,0,9001,215,185,895,16,10,13,13,13,0,1680,0,0,23110
267,3,67,1367,0,9001,223,193,905,16,10,13,13,13,0,1720,0,0,23110
268,3,68,1405,0,9001,232,201,915,16,10,13,13,13,0,1760,0,0,23110
269,3,69,1443,0,9001,241,209,925,16,10,13,13,13,0,1800,0,0,23110
270,3,70,1486,0,9001,250,216,935,16,11,14,14,14,0,1850,0,0,23110
271,3,71,0,0,9001,0,0,0,16,0,0,0,0,0,0,0,0,23110
272,3,72,0,0,9001,0,0,0,16,0,0,0,0,0,0,0,0,23110
273,3,73,0,0,9001,0,0,0,16,0,0,0,0,0,0,0,0,23110
274,3,74,0,0,9001,0,0,0,16,0,0,0,0,0,0,0,0,23110
275,3,75,0,0,9001,0,0,0,16,0,0,0,0,0,0,0,0,23110
276,3,76,0,0,9001,0,0,0,16,0,0,0,0,0,0,0,0,23110
277,3,77,0,0,9001,0,0,0,16,0,0,0,0,0,0,0,0,23110
278,3,78,0,0,9001,0,0,0,16,0,0,0,0,0,0,0,0,23110
279,3,79,0,0,9001,0,0,0,16,0,0,0,0,0,0,0,0,23110
280,3,80,0,0,9001,0,0,0,16,0,0,0,0,0,0,0,0,23110
301,4,1,60,0,9001,2,0,60,17,0,0,0,0,0,5,0,0,21110
302,4,2,68,0,9001,3,1,80,17,0,0,0,1,0,10,0,0,21110
303,4,3,76,0,9001,4,1,100,17,0,0,0,1,0,15,0,0,21110
304,4,4,84,0,9001,5,2,120,17,0,0,0,1,0,20,0,0,21110
305,4,5,92,0,9001,6,3,140,17,0,0,1,1,0,30,0,0,21110
306,4,6,100,0,9001,7,3,160,17,0,0,1,2,0,40,0,0,21110
307,4,7,108,0,9001,8,4,180,17,0,0,1,2,0,50,0,0,21110
308,4,8,116,0,9001,9,5,200,17,0,0,1,2,0,60,0,0,21110
309,4,9,124,0,9001,10,6,218,17,0,1,1,2,0,80,0,0,21110
310,4,10,132,0,9001,11,7,235,17,1,1,1,3,0,100,0,0,21110
311,4,11,140,0,9001,12,8,255,17,1,1,1,3,0,120,0,0,21110
312,4,12,149,0,9001,13,9,277,17,1,1,1,3,0,150,0,0,21110
313,4,13,159,0,9001,14,10,301,17,2,1,2,4,0,175,0,0,21110
314,4,14,170,0,9001,15,11,325,17,2,1,2,4,0,200,0,0,21110
315,4,15,180,0,9001,16,12,349,17,2,1,2,4,0,230,0,0,21110
316,4,16,191,0,9001,17,13,372,17,2,1,2,4,0,270,0,0,21110
317,4,17,202,0,9001,18,14,394,17,2,1,2,5,0,300,0,0,21110
318,4,18,214,0,9001,19,15,330,17,2,1,2,5,0,340,0,0,21110
319,4,19,227,0,9001,20,16,362,17,2,1,2,5,0,370,0,0,21110
320,4,20,240,0,9001,22,18,409,17,2,1,2,5,0,400,0,0,21110
321,4,21,253,0,9001,24,20,448,17,3,1,3,6,0,420,0,0,21110
322,4,22,267,0,9001,26,22,490,17,3,1,3,6,0,440,0,0,21110
323,4,23,280,0,9001,28,24,533,17,3,1,3,7,0,460,0,0,21110
324,4,24,294,0,9001,30,25,556,17,3,1,3,7,0,480,0,0,21110
325,4,25,308,0,9001,32,27,600,17,3,1,3,7,0,500,0,0,21110
326,4,26,322,0,9001,34,28,623,17,3,1,3,8,0,520,0,0,21110
327,4,27,336,0,9001,37,30,646,17,4,2,4,8,0,540,0,0,21110
328,4,28,350,0,9001,40,32,668,17,4,2,4,8,0,560,0,0,21110
329,4,29,364,0,9001,43,34,690,17,4,2,4,9,0,580,0,0,21110
330,4,30,378,0,9001,46,36,712,17,4,2,4,9,0,600,0,0,21110
331,4,31,392,0,9001,49,38,734,17,4,2,4,9,0,620,0,0,21110
332,4,32,406,0,9001,52,40,756,17,4,2,4,10,0,640,0,0,21110
333,4,33,420,0,9001,55,42,778,17,4,2,4,10,0,660,0,0,21110
334,4,34,435,0,9001,58,44,800,17,5,3,5,11,0,680,0,0,21110
335,4,35,450,0,9001,61,46,822,17,5,3,5,11,0,700,0,0,21110
336,4,36,465,0,9001,64,48,844,17,5,3,5,11,0,720,0,0,21110
337,4,37,481,0,9001,67,50,866,17,5,3,5,11,0,740,0,0,21110
338,4,38,498,0,9001,70,52,888,17,5,3,5,11,0,760,0,0,21110
339,4,39,515,0,9001,73,54,910,17,5,3,5,12,0,780,0,0,21110
340,4,40,535,0,9001,76,56,932,17,5,3,5,12,0,800,0,0,21110
341,4,41,571,0,9001,79,58,954,17,5,3,5,12,0,820,0,0,21110
342,4,42,607,0,9001,82,60,976,17,5,3,5,13,0,840,0,0,21110
343,4,43,643,0,9001,85,62,998,17,5,3,5,13,0,860,0,0,21110
344,4,44,679,0,9001,88,65,1021,17,5,3,5,13,0,880,0,0,21110
345,4,45,715,0,9001,92,68,1044,17,5,3,5,14,0,900,0,0,21110
346,4,46,743,0,9001,96,71,1067,17,5,3,5,14,0,930,0,0,21110
347,4,47,771,0,9001,101,74,1090,17,5,3,5,14,0,960,0,0,21110
348,4,48,799,0,9001,106,77,1113,17,5,3,5,14,0,990,0,0,21110
349,4,49,827,0,9001,111,81,1136,17,5,3,5,15,0,1020,0,0,21110
350,4,50,855,0,9001,116,85,1159,17,5,3,5,15,0,1050,0,0,21110
351,4,51,884,0,9001,121,89,1182,17,5,3,5,15,0,1080,0,0,21110
352,4,52,913,0,9001,126,93,1205,17,5,3,5,15,0,1120,0,0,21110
353,4,53,942,0,9001,131,97,1228,17,5,3,5,16,0,1160,0,0,21110
354,4,54,971,0,9001,136,101,1252,17,6,3,6,16,0,1200,0,0,21110
355,4,55,1000,0,9001,141,105,1276,17,6,3,6,16,0,1240,0,0,21110
356,4,56,1029,0,9001,146,109,1300,17,6,3,6,16,0,1280,0,0,21110
357,4,57,1058,0,9001,151,113,1324,17,6,4,6,17,0,1320,0,0,21110
358,4,58,1087,0,9001,156,117,1348,17,6,4,6,17,0,1360,0,0,21110
359,4,59,1116,0,9001,161,121,1372,17,6,4,6,17,0,1400,0,0,21110
360,4,60,1145,0,9001,166,125,1396,17,6,4,6,17,0,1440,0,0,21110
361,4,61,1174,0,9001,171,129,1420,17,6,4,6,18,0,1480,0,0,21110
362,4,62,1203,0,9001,176,133,1444,17,6,4,6,18,0,1520,0,0,21110
363,4,63,1232,0,9001,181,137,1468,17,6,4,6,18,0,1560,0,0,21110
364,4,64,1261,0,9001,186,141,1492,17,6,4,6,18,0,1600,0,0,21110
365,4,65,1290,0,9001,191,145,1516,17,6,4,6,19,0,1640,0,0,21110
366,4,66,1319,0,9001,196,149,1540,17,6,4,6,19,0,1680,0,0,21110
367,4,67,1348,0,9001,201,153,1564,17,6,4,6,19,0,1720,0,0,21110
368,4,68,1377,0,9001,206,157,1588,17,6,4,6,19,0,1760,0,0,21110
369,4,69,1406,0,9001,211,161,1612,17,6,4,6,20,0,1800,0,0,21110
370,4,70,1435,0,9001,216,165,1636,17,6,4,6,20,0,1850,0,0,21110
371,4,71,0,0,9001,0,0,0,17,0,0,0,0,0,0,0,0,21110
372,4,72,0,0,9001,0,0,0,17,0,0,0,0,0,0,0,0,21110
373,4,73,0,0,9001,0,0,0,17,0,0,0,0,0,0,0,0,21110
374,4,74,0,0,9001,0,0,0,17,0,0,0,0,0,0,0,0,21110
375,4,75,0,0,9001,0,0,0,17,0,0,0,0,0,0,0,0,21110
376,4,76,0,0,9001,0,0,0,17,0,0,0,0,0,0,0,0,21110
377,4,77,0,0,9001,0,0,0,17,0,0,0,0,0,0,0,0,21110
378,4,78,0,0,9001,0,0,0,17,0,0,0,0,0,0,0,0,21110
379,4,79,0,0,9001,0,0,0,17,0,0,0,0,0,0,0,0,21110
380,4,80,0,0,9001,0,0,0,17,0,0,0,0,0,0,0,0,21110
401,5,1,10,0,9001,4,0,65,20,0,0,0,0,0,5,0,0,21110
402,5,2,20,0,9001,5,1,80,20,0,0,0,0,0,10,0,0,21110
403,5,3,30,0,9001,6,2,95,20,0,0,0,0,0,15,0,0,21110
404,5,4,40,0,9001,7,3,110,20,0,0,0,0,0,20,0,0,21110
405,5,5,50,0,9001,8,4,125,20,0,0,0,0,0,30,0,0,21110
406,5,6,60,0,9001,9,5,140,20,0,0,0,0,0,40,0,0,21110
407,5,7,71,0,9001,10,6,155,20,0,0,0,0,0,50,0,0,21110
408,5,8,82,0,9001,11,7,170,20,0,0,0,0,0,60,0,0,21110
409,5,9,92,0,9001,12,8,185,20,1,1,1,1,0,80,0,0,21110
410,5,10,110,0,9001,13,9,200,20,1,1,1,1,0,100,0,0,21110
411,5,11,119,0,9001,14,10,216,20,1,1,1,1,0,120,0,0,21110
412,5,12,129,0,9001,15,11,233,20,1,1,1,1,0,150,0,0,21110
413,5,13,140,0,9001,16,12,251,20,1,1,1,1,0,175,0,0,21110
414,5,14,152,0,9001,17,13,270,20,1,1,1,1,0,200,0,0,21110
415,5,15,165,0,9001,19,14,288,20,1,1,1,1,0,230,0,0,21110
416,5,16,175,0,9001,20,15,317,20,1,1,1,1,0,270,0,0,21110
417,5,17,185,0,9001,21,16,337,20,1,1,1,1,0,300,0,0,21110
418,5,18,195,0,9001,23,17,351,20,1,1,1,1,0,340,0,0,21110
419,5,19,207,0,9001,25,18,370,20,1,1,1,1,0,370,0,0,21110
420,5,20,227,0,9001,27,20,386,20,1,1,1,1,0,400,0,0,21110
421,5,21,240,0,9001,29,21,416,20,1,1,1,1,0,420,0,0,21110
422,5,22,254,0,9001,32,23,446,20,1,1,1,1,0,440,0,0,21110
423,5,23,270,0,9001,36,25,466,20,1,1,1,1,0,460,0,0,21110
424,5,24,287,0,9001,40,27,486,20,1,1,1,1,0,480,0,0,21110
425,5,25,304,0,9001,42,29,506,20,1,1,1,1,0,500,0,0,21110
426,5,26,322,0,9001,44,32,526,20,1,1,1,1,0,520,0,0,21110
427,5,27,334,0,9001,46,34,539,20,1,1,1,1,0,540,0,0,21110
428,5,28,346,0,9001,48,36,552,20,1,1,1,1,0,560,0,0,21110
429,5,29,359,0,9001,50,38,566,20,1,1,1,1,0,580,0,0,21110
430,5,30,375,0,9001,53,40,587,20,2,2,2,2,0,600,0,0,21110
431,5,31,390,0,9001,57,43,608,20,2,2,2,2,0,620,0,0,21110
432,5,32,420,0,9001,60,46,631,20,2,2,2,2,0,640,0,0,21110
433,5,33,450,0,9001,63,49,657,20,2,2,2,2,0,660,0,0,21110
434,5,34,480,0,9001,66,52,682,20,2,2,2,2,0,680,0,0,21110
435,5,35,500,0,9001,69,55,707,20,2,2,2,2,0,700,0,0,21110
436,5,36,520,0,9001,72,58,732,20,2,2,2,2,0,720,0,0,21110
437,5,37,540,0,9001,75,61,757,20,2,2,2,2,0,740,0,0,21110
438,5,38,560,0,9001,79,64,785,20,2,2,2,2,0,760,0,0,21110
439,5,39,580,0,9001,83,67,810,20,2,2,2,2,0,780,0,0,21110
440,5,40,600,0,9001,87,70,835,20,2,2,2,2,0,800,0,0,21110
441,5,41,627,0,9001,103,74,808,20,2,2,2,2,0,820,0,0,21110
442,5,42,652,0,9001,108,78,826,20,2,2,2,2,0,840,0,0,21110
443,5,43,677,0,9001,113,82,844,20,2,2,2,2,0,860,0,0,21110
444,5,44,702,0,9001,119,86,862,20,2,2,2,2,0,880,0,0,21110
445,5,45,727,0,9001,125,90,880,20,2,2,2,2,0,900,0,0,21110
446,5,46,752,0,9001,131,94,899,20,2,2,2,2,0,930,0,0,21110
447,5,47,778,0,9001,137,100,918,20,2,2,2,2,0,960,0,0,21110
448,5,48,808,0,9001,144,104,937,20,2,2,2,2,0,990,0,0,21110
449,5,49,838,0,9001,151,109,956,20,2,2,2,2,0,1020,0,0,21110
450,5,50,868,0,9001,159,115,975,20,2,2,2,2,0,1050,0,0,21110
451,5,51,901,0,9001,167,121,995,20,3,2,3,2,0,1080,0,0,21110
452,5,52,940,0,9001,174,133,1030,20,3,2,3,2,0,1120,0,0,21110
453,5,53,974,0,9001,181,139,1060,20,3,2,3,2,0,1160,0,0,21110
454,5,54,1008,0,9001,188,145,1090,20,3,2,3,2,0,1200,0,0,21110
455,5,55,1042,0,9001,195,151,1120,20,3,2,3,2,0,1240,0,0,21110
456,5,56,1076,0,9001,202,157,1150,20,3,2,3,2,0,1280,0,0,21110
457,5,57,1110,0,9001,209,163,1180,20,3,2,3,2,0,1320,0,0,21110
458,5,58,1144,0,9001,216,169,1210,20,3,2,3,2,0,1360,0,0,21110
459,5,59,1178,0,9001,224,175,1240,20,3,2,3,2,0,1400,0,0,21110
460,5,60,1212,0,9001,232,181,1270,20,3,2,3,2,0,1440,0,0,21110
461,5,61,1246,0,9001,240,188,1300,20,3,2,3,2,0,1480,0,0,21110
462,5,62,1280,0,9001,248,195,1330,20,3,2,3,2,0,1520,0,0,21110
463,5,63,1314,0,9001,256,202,1360,20,3,2,3,2,0,1560,0,0,21110
464,5,64,1348,0,9001,264,209,1390,20,3,2,3,2,0,1600,0,0,21110
465,5,65,1382,0,9001,272,216,1420,20,3,2,3,2,0,1640,0,0,21110
466,5,66,1416,0,9001,280,223,1450,20,3,2,3,2,0,1680,0,0,21110
467,5,67,1450,0,9001,288,230,1480,20,3,2,3,2,0,1720,0,0,21110
468,5,68,1484,0,9001,296,237,1510,20,3,2,3,2,0,1760,0,0,21110
469,5,69,1518,0,9001,304,244,1540,20,3,2,3,2,0,1800,0,0,21110
470,5,70,1552,0,9001,312,251,1570,20,3,2,3,2,0,1850,0,0,21110
471,5,71,0,0,9001,0,0,0,20,0,0,0,0,0,0,0,0,21110
472,5,72,0,0,9001,0,0,0,20,0,0,0,0,0,0,0,0,21110
473,5,73,0,0,9001,0,0,0,20,0,0,0,0,0,0,0,0,21110
474,5,74,0,0,9001,0,0,0,20,0,0,0,0,0,0,0,0,21110
475,5,75,0,0,9001,0,0,0,20,0,0,0,0,0,0,0,0,21110
476,5,76,0,0,9001,0,0,0,20,0,0,0,0,0,0,0,0,21110
477,5,77,0,0,9001,0,0,0,20,0,0,0,0,0,0,0,0,21110
478,5,78,0,0,9001,0,0,0,20,0,0,0,0,0,0,0,0,21110
479,5,79,0,0,9001,0,0,0,20,0,0,0,0,0,0,0,0,21110
480,5,80,0,0,9001,0,0,0,20,0,0,0,0,0,0,0,0,21110
8009,81,9,252,327,9001,33,20,117,12,1,1,1,6,0,160,0,0,21110
8010,81,10,264,343,9001,38,24,125,12,1,1,1,6,0,200,0,0,21110
8011,81,11,278,361,9001,43,28,132,12,1,1,1,7,0,240,0,0,21110
8012,81,12,295,383,9001,43,32,140,12,1,1,1,8,0,300,0,0,21110
8013,81,13,312,405,9001,48,36,147,12,1,1,1,9,0,350,0,0,21110
8014,81,14,328,426,9001,52,40,155,12,1,1,1,9,0,400,0,0,21110
8015,81,15,348,452,9001,57,44,167,12,1,1,1,10,0,460,0,0,21110
8016,81,16,367,477,9001,62,44,180,12,1,1,1,11,0,540,0,0,21110
8017,81,17,386,501,9001,67,48,192,12,1,1,1,12,0,600,0,0,21110
8018,81,18,408,530,9001,72,48,205,12,1,1,1,12,0,680,0,0,21110
8019,81,19,432,561,9001,76,52,217,12,1,2,1,13,0,740,0,0,21110
8020,81,20,456,592,9001,81,56,231,12,1,2,1,14,0,800,0,0,21110
8021,81,21,492,639,9001,91,68,247,12,1,2,1,15,0,840,0,0,21110
8022,81,22,566,735,9001,100,72,258,12,1,2,1,15,0,880,0,0,21110
8023,81,23,588,764,9001,105,76,270,12,1,2,1,16,0,920,0,0,21110
8024,81,24,609,791,9001,110,80,280,12,1,2,1,17,0,960,0,0,21110
8025,81,25,631,820,9001,110,80,290,12,1,2,1,18,0,1000,0,0,21110
8026,81,26,652,847,9001,115,84,301,12,1,2,1,18,0,1040,0,0,21110
8027,81,27,674,876,9001,120,92,312,12,1,2,1,19,0,1080,0,0,21110
8028,81,28,696,904,9001,124,92,326,12,1,3,1,19,0,1120,0,0,21110
8029,81,29,748,972,9001,134,100,341,12,1,3,1,20,0,1160,0,0,21110
8030,81,30,777,1010,9001,144,112,357,12,1,3,1,20,0,1200,0,0,21110
8031,81,31,806,1047,9001,148,112,373,12,1,3,1,21,0,1240,0,0,21110
8032,81,32,835,1085,9001,153,116,383,12,1,3,1,21,0,1280,0,0,21110
8033,81,33,864,1123,9001,158,120,393,12,1,3,1,22,0,1320,0,0,21110
8034,81,34,895,1163,9001,163,124,403,12,1,3,1,22,0,1360,0,0,21110
8035,81,35,928,1206,9001,168,128,413,12,1,3,1,23,0,1400,0,0,21110
8036,81,36,960,1248,9001,172,132,423,12,1,3,1,23,0,1440,0,0,21110
8037,81,37,991,1288,9001,177,136,435,12,1,4,1,24,0,1480,0,0,21110
8038,81,38,1022,1328,9001,182,140,446,12,1,4,1,24,0,1520,0,0,21110
8039,81,39,1056,1372,9001,187,144,457,12,1,4,1,25,0,1560,0,0,21110
8040,81,40,1089,1415,9001,192,148,468,12,1,4,1,26,0,1600,0,0,21110
8041,81,41,1176,1528,9001,225,168,480,12,1,4,1,27,0,1640,0,0,21110
8042,81,42,1267,1647,9001,259,196,491,12,1,4,1,28,0,1680,0,0,21110
8043,81,43,1320,1716,9001,273,204,501,12,1,4,1,28,0,1720,0,0,21110
8044,81,44,1372,1783,9001,288,212,511,12,1,4,1,29,0,1760,0,0,21110
8045,81,45,1425,1852,9001,302,220,521,12,1,4,1,29,0,1800,0,0,21110
8046,81,46,1478,1921,9001,316,228,531,12,1,4,1,30,0,1860,0,0,21110
8047,81,47,1531,1990,9001,331,236,541,12,1,4,1,30,0,1920,0,0,21110
8048,81,48,1584,2059,9001,345,244,551,12,1,4,1,31,0,1980,0,0,21110
8049,81,49,1639,2130,9001,360,256,561,12,1,4,1,31,0,2040,0,0,21110
8050,81,50,1694,2202,9001,374,272,571,12,1,4,1,32,0,2100,0,0,21110
8051,81,51,1749,2273,9001,388,288,581,12,1,5,1,33,0,2160,0,0,21110
8052,81,52,1804,2345,9001,403,304,591,12,1,5,1,33,0,2240,0,0,21110
8053,81,53,1860,2418,9001,422,320,602,12,1,5,1,34,0,2320,0,0,21110
8054,81,54,1922,2498,9001,441,336,613,12,1,5,1,35,0,2400,0,0,21110
8055,81,55,1977,2570,9001,460,352,635,12,1,5,1,36,0,2480,0,0,21110
8056,81,56,2035,2645,9001,484,368,657,12,1,5,1,36,0,2560,0,0,21110
8057,81,57,2092,2719,9001,504,384,680,12,1,5,1,37,0,2640,0,0,21110
8058,81,58,2150,2795,9001,523,400,702,12,1,5,1,37,0,2720,0,0,21110
8059,81,59,2208,2870,9001,542,416,725,12,1,5,1,38,0,2800,0,0,21110
8060,81,60,2265,2944,9001,561,432,747,12,1,5,1,38,0,2880,0,0,21110
8061,81,61,2323,3019,9001,580,448,770,12,1,5,1,39,0,2960,0,0,21110
8062,81,62,2380,3094,9001,600,464,792,12,1,5,1,39,0,3040,0,0,21110
8063,81,63,2380,3094,9001,619,480,815,12,1,6,1,40,0,3120,0,0,21110
8064,81,64,2438,3169,9001,638,496,837,12,1,6,1,40,0,3200,0,0,21110
8065,81,65,2496,3244,9001,657,512,860,12,1,6,1,41,0,3280,0,0,21110
8066,81,66,2553,3318,9001,676,528,882,12,1,6,1,42,0,3360,0,0,21110
8067,81,67,2611,3394,9001,696,544,905,12,1,6,1,42,0,3440,0,0,21110
8068,81,68,2668,3468,9001,715,560,927,12,1,6,1,43,0,3520,0,0,21110
8069,81,69,2726,3543,9001,734,576,950,12,1,6,1,44,0,3600,0,0,21110
8070,81,70,2784,3619,9001,753,592,972,12,1,6,1,45,0,3700,0,0,21110
8071,81,71,0,0,9001,0,0,0,12,1,0,1,0,0,0,0,0,21110
8072,81,72,0,0,9001,0,0,0,12,1,0,1,0,0,0,0,0,21110
8073,81,73,0,0,9001,0,0,0,12,1,0,1,0,0,0,0,0,21110
8074,81,74,0,0,9001,0,0,0,12,1,0,1,0,0,0,0,0,21110
8075,81,75,0,0,9001,0,0,0,12,1,0,1,0,0,0,0,0,21110
8076,81,76,0,0,9001,0,0,0,12,1,0,1,0,0,0,0,0,21110
8077,81,77,0,0,9001,0,0,0,12,1,0,1,0,0,0,0,0,21110
8078,81,78,0,0,9001,0,0,0,12,1,0,1,0,0,0,0,0,21110
8079,81,79,0,0,9001,0,0,0,12,1,0,1,0,0,0,0,0,21110
8080,81,80,0,0,9001,0,0,0,12,1,0,1,0,0,0,0,0,21110
8109,82,9,190,247,9001,27,24,116,13,1,3,1,2,0,160,0,0,22110
8110,82,10,202,262,9001,30,27,129,13,1,3,1,2,0,200,0,0,22110
8111,82,11,216,280,9001,33,30,142,13,1,3,1,2,0,240,0,0,22110
8112,82,12,232,301,9001,33,30,155,13,1,4,1,2,0,300,0,0,22110
8113,82,13,246,319,9001,36,33,169,13,1,4,1,3,0,350,0,0,22110
8114,82,14,262,340,9001,39,36,182,13,1,4,1,3,0,400,0,0,22110
8115,82,15,278,361,9001,42,39,195,13,1,5,1,3,0,460,0,0,22110
8116,82,16,294,382,9001,45,42,200,13,1,5,1,3,0,540,0,0,22110
8117,82,17,312,405,9001,48,45,212,13,1,5,1,3,0,600,0,0,22110
8118,82,18,332,431,9001,54,48,225,13,1,6,1,4,0,680,0,0,22110
8119,82,19,352,457,9001,60,54,239,13,1,6,1,4,0,740,0,0,22110
8120,82,20,372,483,9001,66,60,252,13,1,7,1,4,0,800,0,0,22110
8121,82,21,392,509,9001,72,66,266,13,1,7,1,4,0,840,0,0,22110
8122,82,22,412,535,9001,78,69,280,13,1,7,1,4,0,880,0,0,22110
8123,82,23,434,564,9001,81,72,294,13,1,7,1,4,0,920,0,0,22110
8124,82,24,460,598,9001,84,75,308,13,1,8,1,5,0,960,0,0,22110
8125,82,25,496,644,9001,90,81,323,13,1,8,1,5,0,1000,0,0,22110
8126,82,26,528,686,9001,96,87,337,13,1,8,1,5,0,1040,0,0,22110
8127,82,27,554,720,9001,102,93,352,13,1,8,1,6,0,1080,0,0,22110
8128,82,28,580,754,9001,108,99,366,13,1,9,1,6,0,1120,0,0,22110
8129,82,29,628,816,9001,114,105,381,13,1,9,1,6,0,1160,0,0,22110
8130,82,30,656,852,9001,117,108,396,13,1,9,1,6,0,1200,0,0,22110
8131,82,31,684,889,9001,120,111,408,13,1,9,1,7,0,1240,0,0,22110
8132,82,32,712,925,9001,126,117,422,13,1,10,1,7,0,1280,0,0,22110
8133,82,33,740,962,9001,132,123,436,13,1,10,1,7,0,1320,0,0,22110
8134,82,34,770,1001,9001,135,126,449,13,1,10,1,7,0,1360,0,0,22110
8135,82,35,800,1040,9001,138,129,464,13,1,11,1,8,0,1400,0,0,22110
8136,82,36,830,1079,9001,144,135,478,13,1,11,1,8,0,1440,0,0,22110
8137,82,37,860,1118,9001,150,141,494,13,1,11,1,8,0,1480,0,0,22110
8138,82,38,890,1157,9001,156,147,508,13,1,12,1,8,0,1520,0,0,22110
8139,82,39,920,1196,9001,162,153,523,13,1,12,1,8,0,1560,0,0,22110
8140,82,40,950,1235,9001,165,156,536,13,1,12,1,9,0,1600,0,0,22110
8141,82,41,986,1281,9001,180,168,546,13,1,12,1,9,0,1640,0,0,22110
8142,82,42,1022,1328,9001,195,180,556,13,1,13,1,9,0,1680,0,0,22110
8143,82,43,1058,1375,9001,210,192,568,13,1,13,1,9,0,1720,0,0,22110
8144,82,44,1094,1422,9001,225,204,579,13,1,13,1,9,0,1760,0,0,22110
8145,82,45,1130,1469,9001,240,216,590,13,1,14,1,9,0,1800,0,0,22110
8146,82,46,1168,1518,9001,255,228,601,13,1,14,1,9,0,1860,0,0,22110
8147,82,47,1186,1541,9001,270,240,612,13,1,14,1,9,0,1920,0,0,22110
8148,82,48,1224,1591,9001,285,255,624,13,1,14,1,9,0,1980,0,0,22110
8149,82,49,1280,1664,9001,300,273,636,13,1,15,1,10,0,2040,0,0,22110
8150,82,50,1324,1721,9001,315,285,648,13,1,15,1,10,0,2100,0,0,22110
8151,82,51,1370,1781,9001,330,297,661,13,1,15,1,10,0,2160,0,0,22110
8152,82,52,1416,1840,9001,345,309,675,13,1,16,1,10,0,2240,0,0,22110
8153,82,53,1464,1903,9001,360,321,688,13,1,16,1,10,0,2320,0,0,22110
8154,82,54,1512,1965,9001,375,336,700,13,1,17,1,11,0,2400,0,0,22110
8155,82,55,1560,2028,9001,390,351,713,13,1,17,1,11,0,2480,0,0,22110
8156,82,56,1610,2093,9001,405,366,726,13,1,17,1,11,0,2560,0,0,22110
8157,82,57,1660,2158,9001,420,381,740,13,1,17,1,11,0,2640,0,0,22110
8158,82,58,1710,2223,9001,438,396,754,13,1,17,1,11,0,2720,0,0,22110
8159,82,59,1764,2293,9001,456,411,766,13,1,18,1,12,0,2800,0,0,22110
8160,82,60,1820,2366,9001,474,426,780,13,1,18,1,12,0,2880,0,0,22110
8161,82,61,1874,2436,9001,492,441,801,13,1,18,1,12,0,2960,0,0,22110
8162,82,62,1928,2506,9001,510,456,823,13,1,18,1,12,0,3040,0,0,22110
8163,82,63,1982,2576,9001,528,471,844,13,1,18,1,12,0,3120,0,0,22110
8164,82,64,2036,2646,9001,546,486,866,13,1,19,1,13,0,3200,0,0,22110
8165,82,65,2090,2717,9001,564,501,888,13,1,19,1,13,0,3280,0,0,22110
8166,82,66,2144,2787,9001,582,516,909,13,1,19,1,13,0,3360,0,0,22110
8167,82,67,2198,2857,9001,600,531,931,13,1,19,1,13,0,3440,0,0,22110
8168,82,68,2252,2927,9001,618,546,952,13,1,19,1,13,0,3520,0,0,22110
8169,82,69,2306,2997,9001,636,561,974,13,1,19,1,13,0,3600,0,0,22110
8170,82,70,2360,3068,9001,654,576,996,13,1,20,1,14,0,3700,0,0,22110
8171,82,71,0,0,9001,0,0,0,13,0,0,0,0,0,0,0,0,22110
8172,82,72,0,0,9001,0,0,0,13,0,0,0,0,0,0,0,0,22110
8173,82,73,0,0,9001,0,0,0,13,0,0,0,0,0,0,0,0,22110
8174,82,74,0,0,9001,0,0,0,13,0,0,0,0,0,0,0,0,22110
8175,82,75,0,0,9001,0,0,0,13,0,0,0,0,0,0,0,0,22110
8176,82,76,0,0,9001,0,0,0,13,0,0,0,0,0,0,0,0,22110
8177,82,77,0,0,9001,0,0,0,13,0,0,0,0,0,0,0,0,22110
8178,82,78,0,0,9001,0,0,0,13,0,0,0,0,0,0,0,0,22110
8179,82,79,0,0,9001,0,0,0,13,0,0,0,0,0,0,0,0,22110
8180,82,80,0,0,9001,0,0,0,13,0,0,0,0,0,0,0,0,22110
8209,83,9,306,398,9001,17,13,185,16,5,2,1,1,0,160,0,0,23110
8210,83,10,324,421,9001,19,15,193,16,5,2,1,1,0,200,0,0,23110
8211,83,11,342,446,9001,22,18,202,16,6,2,1,1,0,240,0,0,23110
8212,83,12,360,468,9001,24,20,211,16,6,3,1,1,0,300,0,0,23110
8213,83,13,378,491,9001,26,23,221,16,6,3,1,1,0,350,0,0,23110
8214,83,14,402,523,9001,29,25,232,16,7,3,1,1,0,400,0,0,23110
8215,83,15,426,554,9001,34,28,242,16,7,3,2,2,0,460,0,0,23110
8216,83,16,450,585,9001,36,30,253,16,7,3,2,2,0,540,0,0,23110
8217,83,17,474,616,9001,38,33,264,16,8,4,2,2,0,600,0,0,23110
8218,83,18,498,647,9001,43,40,277,16,8,4,2,2,0,680,0,0,23110
8219,83,19,528,686,9001,46,43,292,16,8,4,2,2,0,740,0,0,23110
8220,83,20,564,733,9001,50,45,307,16,9,4,2,2,0,800,0,0,23110
8221,83,21,600,780,9001,55,48,324,16,9,4,2,2,0,840,0,0,23110
8222,83,22,636,827,9001,62,53,342,16,9,5,2,2,0,880,0,0,23110
8223,83,23,672,874,9001,65,55,360,16,10,5,2,2,0,920,0,0,23110
8224,83,24,708,920,9001,67,58,379,16,10,5,2,2,0,960,0,0,23110
8225,83,25,744,967,9001,70,60,400,16,10,5,3,3,0,1000,0,0,23110
8226,83,26,786,1022,9001,74,63,421,16,11,5,3,3,0,1040,0,0,23110
8227,83,27,828,1076,9001,79,65,443,16,11,6,3,3,0,1080,0,0,23110
8228,83,28,870,1131,9001,84,70,462,16,11,6,3,3,0,1120,0,0,23110
8229,83,29,918,1193,9001,89,78,482,16,12,6,3,3,0,1160,0,0,23110
8230,83,30,960,1248,9001,94,83,504,16,12,6,3,3,0,1200,0,0,23110
8231,83,31,1014,1318,9001,98,88,523,16,12,6,3,3,0,1240,0,0,23110
8232,83,32,1068,1388,9001,103,93,533,16,12,7,3,3,0,1280,0,0,23110
8233,83,33,1116,1450,9001,108,98,552,16,13,7,3,3,0,1320,0,0,23110
8234,83,34,1164,1513,9001,113,103,571,16,13,7,3,3,0,1360,0,0,23110
8235,83,35,1218,1583,9001,118,108,593,16,13,7,3,3,0,1400,0,0,23110
8236,83,36,1272,1654,9001,122,110,614,16,13,7,4,4,0,1440,0,0,23110
8237,83,37,1326,1724,9001,127,115,636,16,14,8,4,4,0,1480,0,0,23110
8238,83,38,1380,1794,9001,134,120,655,16,14,8,4,4,0,1520,0,0,23110
8239,83,39,1437,1868,9001,144,125,672,16,14,8,4,4,0,1560,0,0,23110
8240,83,40,1500,1950,9001,156,133,689,16,14,8,4,4,0,1600,0,0,23110
8241,83,41,1587,2063,9001,168,145,706,16,15,8,4,4,0,1640,0,0,23110
8242,83,42,1668,2168,9001,182,155,715,16,15,8,4,4,0,1680,0,0,23110
8243,83,43,1701,2211,9001,197,168,725,16,15,9,4,4,0,1720,0,0,23110
8244,83,44,1779,2313,9001,209,175,745,16,15,9,4,4,0,1760,0,0,23110
8245,83,45,1857,2414,9001,218,183,767,16,16,9,4,4,0,1800,0,0,23110
8246,83,46,1944,2527,9001,228,190,772,16,16,9,5,5,0,1860,0,0,23110
8247,83,47,2031,2640,9001,240,200,779,16,16,9,5,5,0,1920,0,0,23110
8248,83,48,2118,2753,9001,252,210,786,16,16,9,5,5,0,1980,0,0,23110
8249,83,49,2205,2867,9001,264,220,793,16,17,10,5,5,0,2040,0,0,23110
8250,83,50,2292,2980,9001,276,230,809,16,17,10,5,5,0,2100,0,0,23110
8251,83,51,2379,3093,9001,288,240,826,16,17,10,5,5,0,2160,0,0,23110
8252,83,52,2466,3206,9001,300,253,842,16,17,10,5,5,0,2240,0,0,23110
8253,83,53,2553,3319,9001,324,265,859,16,18,10,5,5,0,2320,0,0,23110
8254,83,54,2640,3432,9001,329,278,876,16,18,10,5,5,0,2400,0,0,23110
8255,83,55,2730,3549,9001,343,290,893,16,18,11,5,5,0,2480,0,0,23110
8256,83,56,2820,3666,9001,358,305,907,16,18,11,5,5,0,2560,0,0,23110
8257,83,57,2940,3822,9001,370,315,940,16,19,11,6,6,0,2640,0,0,23110
8258,83,58,3060,3978,9001,384,328,972,16,19,11,6,6,0,2720,0,0,23110
8259,83,59,3210,4173,9001,393,340,992,16,19,12,6,6,0,2800,0,0,23110
8260,83,60,3321,4317,9001,403,358,1004,16,19,12,6,6,0,2880,0,0,23110
8261,83,61,3432,4462,9001,418,375,1015,16,20,12,6,6,0,2960,0,0,23110
8262,83,62,3543,4606,9001,437,393,1026,16,20,12,6,6,0,3040,0,0,23110
8263,83,63,3654,4750,9001,456,410,1038,16,20,12,6,6,0,3120,0,0,23110
8264,83,64,3765,4895,9001,475,428,1050,16,20,12,6,6,0,3200,0,0,23110
8265,83,65,3876,5039,9001,494,445,1062,16,21,13,6,6,0,3280,0,0,23110
8266,83,66,3987,5183,9001,516,463,1074,16,21,13,6,6,0,3360,0,0,23110
8267,83,67,4101,5331,9001,535,483,1086,16,21,13,7,7,0,3440,0,0,23110
8268,83,68,4215,5480,9001,557,502,1098,16,21,13,7,7,0,3520,0,0,23110
8269,83,69,4329,5628,9001,578,522,1110,16,22,13,7,7,0,3600,0,0,23110
8270,83,70,4458,5795,9001,600,540,1122,16,22,14,7,7,0,3700,0,0,23110
8271,83,71,0,0,9001,0,0,0,16,0,0,0,0,0,0,0,0,23110
8272,83,72,0,0,9001,0,0,0,16,0,0,0,0,0,0,0,0,23110
8273,83,73,0,0,9001,0,0,0,16,0,0,0,0,0,0,0,0,23110
8274,83,74,0,0,9001,0,0,0,16,0,0,0,0,0,0,0,0,23110
8275,83,75,0,0,9001,0,0,0,16,0,0,0,0,0,0,0,0,23110
8276,83,76,0,0,9001,0,0,0,16,0,0,0,0,0,0,0,0,23110
8277,83,77,0,0,9001,0,0,0,16,0,0,0,0,0,0,0,0,23110
8278,83,78,0,0,9001,0,0,0,16,0,0,0,0,0,0,0,0,23110
8279,83,79,0,0,9001,0,0,0,16,0,0,0,0,0,0,0,0,23110
8280,83,80,0,0,9001,0,0,0,16,0,0,0,0,0,0,0,0,23110
8309,84,9,297,386,9001,28,19,32,17,0,1,1,0,0,160,0,0,21110
8310,84,10,316,410,9001,30,22,35,17,0,1,1,0,0,200,0,0,21110
8311,84,11,336,436,9001,33,25,38,17,1,1,2,0,0,240,0,0,21110
8312,84,12,357,464,9001,36,28,41,17,1,1,2,0,0,300,0,0,21110
8313,84,13,381,495,9001,39,32,45,17,1,1,2,0,0,350,0,0,21110
8314,84,14,408,530,9001,42,35,48,17,1,1,3,0,0,400,0,0,21110
8315,84,15,432,561,9001,44,38,52,17,1,1,3,0,0,460,0,0,21110
8316,84,16,458,595,9001,47,41,55,17,1,1,3,0,0,540,0,0,21110
8317,84,17,484,629,9001,50,44,59,17,2,1,3,0,0,600,0,0,21110
8318,84,18,513,666,9001,53,48,49,17,2,1,4,0,0,680,0,0,21110
8319,84,19,544,707,9001,56,51,54,17,2,1,4,0,0,740,0,0,21110
8320,84,20,576,748,9001,61,57,61,17,2,1,4,0,0,800,0,0,21110
8321,84,21,607,789,9001,67,64,67,17,2,1,4,0,0,840,0,0,21110
8322,84,22,640,832,9001,72,70,73,17,2,1,4,0,0,880,0,0,21110
8323,84,23,672,873,9001,78,76,79,17,2,1,5,0,0,920,0,0,21110
8324,84,24,705,916,9001,84,80,83,17,2,1,5,0,0,960,0,0,21110
8325,84,25,739,960,9001,89,86,90,17,3,1,5,0,0,1000,0,0,21110
8326,84,26,772,1003,9001,95,89,93,17,3,1,5,0,0,1040,0,0,21110
8327,84,27,806,1047,9001,103,96,96,17,3,1,5,0,0,1080,0,0,21110
8328,84,28,840,1092,9001,112,102,100,17,3,1,5,0,0,1120,0,0,21110
8329,84,29,873,1134,9001,120,108,103,17,3,1,6,0,0,1160,0,0,21110
8330,84,30,907,1179,9001,128,115,106,17,3,1,6,0,0,1200,0,0,21110
8331,84,31,940,1222,9001,137,121,110,17,3,1,6,0,0,1240,0,0,21110
8332,84,32,974,1266,9001,145,128,113,17,3,1,6,0,0,1280,0,0,21110
8333,84,33,1008,1310,9001,154,134,116,17,3,1,6,0,0,1320,0,0,21110
8334,84,34,1044,1357,9001,162,140,120,17,3,1,6,0,0,1360,0,0,21110
8335,84,35,1080,1404,9001,170,147,123,17,4,1,6,0,0,1400,0,0,21110
8336,84,36,1116,1450,9001,179,153,126,17,4,1,7,0,0,1440,0,0,21110
8337,84,37,1154,1500,9001,187,160,129,17,4,1,7,0,0,1480,0,0,21110
8338,84,38,1195,1553,9001,196,166,133,17,4,1,7,0,0,1520,0,0,21110
8339,84,39,1236,1606,9001,204,172,136,17,4,1,7,0,0,1560,0,0,21110
8340,84,40,1284,1669,9001,212,179,139,17,4,1,7,0,0,1600,0,0,21110
8341,84,41,1370,1781,9001,221,185,143,17,4,1,7,0,0,1640,0,0,21110
8342,84,42,1456,1892,9001,229,192,146,17,4,1,7,0,0,1680,0,0,21110
8343,84,43,1543,2005,9001,238,198,149,17,4,1,7,0,0,1720,0,0,21110
8344,84,44,1629,2117,9001,246,208,153,17,4,1,8,0,0,1760,0,0,21110
8345,84,45,1716,2230,9001,257,217,156,17,4,1,8,0,0,1800,0,0,21110
8346,84,46,1783,2317,9001,268,227,160,17,4,1,8,0,0,1860,0,0,21110
8347,84,47,1850,2405,9001,282,236,163,17,5,1,8,0,0,1920,0,0,21110
8348,84,48,1917,2492,9001,296,246,166,17,5,1,8,0,0,1980,0,0,21110
8349,84,49,1984,2579,9001,310,259,170,17,5,1,8,0,0,2040,0,0,21110
8350,84,50,2052,2667,9001,324,272,173,17,5,1,8,0,0,2100,0,0,21110
8351,84,51,2121,2757,9001,338,284,177,17,5,1,8,0,0,2160,0,0,21110
8352,84,52,2191,2848,9001,352,297,180,17,5,1,8,0,0,2240,0,0,21110
8353,84,53,2260,2938,9001,366,310,184,17,5,1,9,0,0,2320,0,0,21110
8354,84,54,2330,3029,9001,380,323,187,17,5,1,9,0,0,2400,0,0,21110
8355,84,55,2400,3120,9001,394,336,191,17,5,1,9,0,0,2480,0,0,21110
8356,84,56,2469,3209,9001,408,348,195,17,5,1,9,0,0,2560,0,0,21110
8357,84,57,2539,3300,9001,422,361,198,17,5,1,9,0,0,2640,0,0,21110
8358,84,58,2608,3390,9001,436,374,202,17,5,1,9,0,0,2720,0,0,21110
8359,84,59,2678,3481,9001,450,387,205,17,6,1,9,0,0,2800,0,0,21110
8360,84,60,2748,3572,9001,464,400,209,17,6,1,9,0,0,2880,0,0,21110
8361,84,61,2817,3662,9001,478,412,213,17,6,1,9,0,0,2960,0,0,21110
8362,84,62,2887,3753,9001,492,425,216,17,6,1,9,0,0,3040,0,0,21110
8363,84,63,2956,3842,9001,506,438,220,17,6,1,10,0,0,3120,0,0,21110
8364,84,64,3026,3933,9001,520,451,223,17,6,1,10,0,0,3200,0,0,21110
8365,84,65,3096,4024,9001,534,464,227,17,6,1,10,0,0,3280,0,0,21110
8366,84,66,3165,4114,9001,548,476,231,17,6,1,10,0,0,3360,0,0,21110
8367,84,67,3235,4205,9001,562,489,234,17,6,1,10,0,0,3440,0,0,21110
8368,84,68,3304,4295,9001,576,502,238,17,6,1,10,0,0,3520,0,0,21110
8369,84,69,3374,4386,9001,590,515,241,17,6,1,10,0,0,3600,0,0,21110
8370,84,70,3444,4477,9001,604,528,245,17,6,1,10,0,0,3700,0,0,21110
8371,84,71,0,0,9001,0,0,0,17,0,0,0,0,0,0,0,0,21110
8372,84,72,0,0,9001,0,0,0,17,0,0,0,0,0,0,0,0,21110
8373,84,73,0,0,9001,0,0,0,17,0,0,0,0,0,0,0,0,21110
8374,84,74,0,0,9001,0,0,0,17,0,0,0,0,0,0,0,0,21110
8375,84,75,0,0,9001,0,0,0,17,0,0,0,0,0,0,0,0,21110
8376,84,76,0,0,9001,0,0,0,17,0,0,0,0,0,0,0,0,21110
8377,84,77,0,0,9001,0,0,0,17,0,0,0,0,0,0,0,0,21110
8378,84,78,0,0,9001,0,0,0,17,0,0,0,0,0,0,0,0,21110
8379,84,79,0,0,9001,0,0,0,17,0,0,0,0,0,0,0,0,21110
8380,84,80,0,0,9001,0,0,0,17,0,0,0,0,0,0,0,0,21110
8409,85,9,276,359,9001,30,24,222,20,1,0,1,1,0,160,0,0,21110
8410,85,10,330,429,9001,33,27,240,20,1,0,1,1,0,200,0,0,21110
8411,85,11,357,464,9001,35,30,259,20,1,0,1,1,0,240,0,0,21110
8412,85,12,387,503,9001,38,33,280,20,1,0,1,1,0,300,0,0,21110
8413,85,13,420,546,9001,40,36,301,20,1,0,1,1,0,350,0,0,21110
8414,85,14,456,593,9001,32,39,324,20,1,0,1,1,0,400,0,0,21110
8415,85,15,495,644,9001,48,42,346,20,1,0,1,1,0,460,0,0,21110
8416,85,16,525,683,9001,50,45,380,20,1,0,1,1,0,540,0,0,21110
8417,85,17,555,722,9001,53,48,404,20,1,0,1,1,0,600,0,0,21110
8418,85,18,585,761,9001,58,51,421,20,1,0,1,1,0,680,0,0,21110
8419,85,19,621,807,9001,63,54,444,20,1,0,1,1,0,740,0,0,21110
8420,85,20,681,885,9001,68,60,462,20,1,0,1,1,0,800,0,0,21110
8421,85,21,720,936,9001,73,63,499,20,1,0,1,1,0,840,0,0,21110
8422,85,22,762,991,9001,80,69,535,20,1,0,1,1,0,880,0,0,21110
8423,85,23,810,1053,9001,90,75,559,20,1,0,1,1,0,920,0,0,21110
8424,85,24,861,1119,9001,100,81,583,20,1,0,1,1,0,960,0,0,21110
8425,85,25,912,1186,9001,108,87,607,20,1,0,1,1,0,1000,0,0,21110
8426,85,26,966,1256,9001,110,96,631,20,1,0,1,1,0,1040,0,0,21110
8427,85,27,1002,1303,9001,115,102,647,20,1,0,1,1,0,1080,0,0,21110
8428,85,28,1038,1349,9001,120,108,662,20,1,0,1,1,0,1120,0,0,21110
8429,85,29,1077,1400,9001,125,114,679,20,1,0,1,1,0,1160,0,0,21110
8430,85,30,1125,1463,9001,133,120,704,20,2,0,2,2,0,1200,0,0,21110
8431,85,31,1170,1521,9001,134,129,730,20,2,0,2,2,0,1240,0,0,21110
8432,85,32,1260,1638,9001,150,138,757,20,2,0,2,2,0,1280,0,0,21110
8433,85,33,1350,1755,9001,158,147,788,20,2,0,2,2,0,1320,0,0,21110
8434,85,34,1440,1872,9001,165,156,818,20,2,0,2,2,0,1360,0,0,21110
8435,85,35,1500,1950,9001,173,165,848,20,2,0,2,2,0,1400,0,0,21110
8436,85,36,1560,2028,9001,180,174,878,20,2,0,2,2,0,1440,0,0,21110
8437,85,37,1620,2106,9001,188,183,908,20,2,0,2,2,0,1480,0,0,21110
8438,85,38,1680,2184,9001,198,192,942,20,2,0,2,2,0,1520,0,0,21110
8439,85,39,1740,2262,9001,208,201,972,20,2,0,2,2,0,1560,0,0,21110
8440,85,40,1800,2340,9001,218,210,1002,20,2,0,2,2,0,1600,0,0,21110
8441,85,41,1881,2445,9001,258,222,970,20,2,0,2,2,0,1640,0,0,21110
8442,85,42,1956,2543,9001,270,234,991,20,2,0,2,2,0,1680,0,0,21110
8443,85,43,2031,2640,9001,283,246,1013,20,2,0,2,2,0,1720,0,0,21110
8444,85,44,2106,2738,9001,298,258,1034,20,2,0,2,2,0,1760,0,0,21110
8445,85,45,2181,2835,9001,313,270,1056,20,2,0,2,2,0,1800,0,0,21110
8446,85,46,2256,2933,9001,328,282,1079,20,2,0,2,2,0,1860,0,0,21110
8447,85,47,2334,3034,9001,343,300,1102,20,2,0,2,2,0,1920,0,0,21110
8448,85,48,2424,3151,9001,360,312,1124,20,2,0,2,2,0,1980,0,0,21110
8449,85,49,2514,3268,9001,378,327,1147,20,2,0,2,2,0,2040,0,0,21110
8450,85,50,2604,3385,9001,398,345,1170,20,2,0,2,2,0,2100,0,0,21110
8451,85,51,2703,3514,9001,418,363,1194,20,3,0,3,2,0,2160,0,0,21110
8452,85,52,2820,3666,9001,435,399,1236,20,3,0,3,2,0,2240,0,0,21110
8453,85,53,2922,3799,9001,453,417,1272,20,3,0,3,2,0,2320,0,0,21110
8454,85,54,3024,3931,9001,470,435,1308,20,3,0,3,2,0,2400,0,0,21110
8455,85,55,3126,4063,9001,488,453,1344,20,3,0,3,2,0,2480,0,0,21110
8456,85,56,3228,4196,9001,505,471,1380,20,3,0,3,2,0,2560,0,0,21110
8457,85,57,3330,4329,9001,523,489,1416,20,3,0,3,2,0,2640,0,0,21110
8458,85,58,3432,4462,9001,540,507,1452,20,3,0,3,2,0,2720,0,0,21110
8459,85,59,3534,4694,9001,560,525,1488,20,3,0,3,2,0,2800,0,0,21110
8460,85,60,3636,4727,9001,580,543,1524,20,3,0,3,2,0,2880,0,0,21110
8461,85,61,3738,4859,9001,600,564,1560,20,3,0,3,2,0,2960,0,0,21110
8462,85,62,3840,4992,9001,620,585,1596,20,3,0,3,2,0,3040,0,0,21110
8463,85,63,3942,5125,9001,640,606,1632,20,3,0,3,2,0,3120,0,0,21110
8464,85,64,4044,5257,9001,660,627,1668,20,3,0,3,2,0,3200,0,0,21110
8465,85,65,4146,5390,9001,680,648,1704,20,3,0,3,2,0,3280,0,0,21110
8466,85,66,4248,5522,9001,700,669,1740,20,3,0,3,2,0,3360,0,0,21110
8467,85,67,4350,5655,9001,720,690,1776,20,3,0,3,2,0,3440,0,0,21110
8468,85,68,4452,5788,9001,740,711,1812,20,3,0,3,2,0,3520,0,0,21110
8469,85,69,4554,5920,9001,760,732,1848,20,3,0,3,2,0,3600,0,0,21110
8470,85,70,4656,6053,9001,780,753,1884,20,3,0,3,2,0,3700,0,0,21110
8471,85,71,0,0,9001,0,0,0,20,0,0,0,0,0,0,0,0,21110
8472,85,72,0,0,9001,0,0,0,20,0,0,0,0,0,0,0,0,21110
8473,85,73,0,0,9001,0,0,0,20,0,0,0,0,0,0,0,0,21110
8474,85,74,0,0,9001,0,0,0,20,0,0,0,0,0,0,0,0,21110
8475,85,75,0,0,9001,0,0,0,20,0,0,0,0,0,0,0,0,21110
8476,85,76,0,0,9001,0,0,0,20,0,0,0,0,0,0,0,0,21110
8477,85,77,0,0,9001,0,0,0,20,0,0,0,0,0,0,0,0,21110
8478,85,78,0,0,9001,0,0,0,20,0,0,0,0,0,0,0,0,21110
8479,85,79,0,0,9001,0,0,0,20,0,0,0,0,0,0,0,0,21110
8480,85,80,0,0,9001,0,0,0,20,0,0,0,0,0,0,0,0,21110
8509,86,9,294,382,9001,24,17,23,12,1,8,1,1,0,160,0,0,21110
8510,86,10,308,400,9001,28,21,25,12,1,9,1,1,0,200,0,0,21110
8511,86,11,324,421,9001,31,24,26,12,1,9,1,1,0,240,0,0,21110
8512,86,12,344,447,9001,31,28,28,12,1,10,1,1,0,300,0,0,21110
8513,86,13,364,473,9001,35,31,29,12,1,11,1,1,0,350,0,0,21110
8514,86,14,383,497,9001,38,35,31,12,1,11,1,1,0,400,0,0,21110
8515,86,15,406,527,9001,42,38,33,12,1,12,1,1,0,460,0,0,21110
8516,86,16,428,556,9001,45,38,36,12,1,13,1,1,0,540,0,0,21110
8517,86,17,450,585,9001,49,42,38,12,1,14,1,1,0,600,0,0,21110
8518,86,18,476,618,9001,52,42,41,12,1,15,1,1,0,680,0,0,21110
8519,86,19,504,655,9001,56,45,43,12,1,16,1,1,0,740,0,0,21110
8520,86,20,532,691,9001,59,49,46,12,1,17,1,1,0,800,0,0,21110
8521,86,21,574,746,9001,66,59,49,12,1,18,1,1,0,840,0,0,21110
8522,86,22,660,858,9001,73,63,51,12,1,19,1,1,0,880,0,0,21110
8523,86,23,686,891,9001,77,66,54,12,1,19,1,1,0,920,0,0,21110
8524,86,24,711,924,9001,80,70,56,12,1,20,1,1,0,960,0,0,21110
8525,86,25,736,956,9001,80,70,58,12,1,20,1,1,0,1000,0,0,21110
8526,86,26,761,989,9001,84,73,60,12,1,21,1,1,0,1040,0,0,21110
8527,86,27,786,1021,9001,87,80,62,12,1,22,1,1,0,1080,0,0,21110
8528,86,28,812,1055,9001,91,80,65,12,1,23,1,1,0,1120,0,0,21110
8529,86,29,873,1134,9001,98,87,68,12,1,24,1,1,0,1160,0,0,21110
8530,86,30,907,1179,9001,105,98,71,12,1,25,1,1,0,1200,0,0,21110
8531,86,31,940,1222,9001,108,98,74,12,1,25,1,1,0,1240,0,0,21110
8532,86,32,974,1266,9001,112,101,76,12,1,26,1,1,0,1280,0,0,21110
8533,86,33,1008,1310,9001,115,105,78,12,1,27,1,1,0,1320,0,0,21110
8534,86,34,1044,1357,9001,119,108,80,12,1,28,1,1,0,1360,0,0,21110
8535,86,35,1083,1407,9001,122,112,82,12,1,29,1,1,0,1400,0,0,21110
8536,86,36,1120,1456,9001,126,115,84,12,1,30,1,1,0,1440,0,0,21110
8537,86,37,1156,1502,9001,129,119,87,12,1,30,1,1,0,1480,0,0,21110
8538,86,38,1192,1549,9001,133,122,89,12,1,31,1,1,0,1520,0,0,21110
8539,86,39,1232,1601,9001,136,126,91,12,1,31,1,1,0,1560,0,0,21110
8540,86,40,1271,1652,9001,140,129,93,12,1,32,1,1,0,1600,0,0,21110
8541,86,41,1372,1783,9001,164,147,96,12,1,32,1,1,0,1640,0,0,21110
8542,86,42,1478,1921,9001,189,171,98,12,1,33,1,1,0,1680,0,0,21110
8543,86,43,1540,2002,9001,199,178,100,12,1,33,1,1,0,1720,0,0,21110
8544,86,44,1601,2081,9001,210,185,102,12,1,34,1,1,0,1760,0,0,21110
8545,86,45,1663,2161,9001,220,192,104,12,1,34,1,1,0,1800,0,0,21110
8546,86,46,1724,2241,9001,231,199,106,12,1,35,1,1,0,1860,0,0,21110
8547,86,47,1786,2321,9001,241,206,108,12,1,36,1,1,0,1920,0,0,21110
8548,86,48,1848,2402,9001,252,213,110,12,1,36,1,1,0,1980,0,0,21110
8549,86,49,1912,2485,9001,262,224,112,12,1,37,1,1,0,2040,0,0,21110
8550,86,50,1976,2568,9001,273,238,114,12,1,38,1,1,0,2100,0,0,21110
8551,86,51,2041,2653,9001,283,252,116,12,1,39,1,1,0,2160,0,0,21110
8552,86,52,2105,2736,9001,294,266,118,12,1,39,1,1,0,2240,0,0,21110
8553,86,53,2170,2821,9001,308,280,120,12,1,40,1,1,0,2320,0,0,21110
8554,86,54,2242,2914,9001,322,294,122,12,1,41,1,1,0,2400,0,0,21110
8555,86,55,2307,2999,9001,336,308,127,12,1,41,1,1,0,2480,0,0,21110
8556,86,56,2374,3086,9001,353,322,131,12,1,42,1,1,0,2560,0,0,21110
8557,86,57,2441,3173,9001,367,336,136,12,1,43,1,1,0,2640,0,0,21110
8558,86,58,2508,3260,9001,381,350,140,12,1,43,1,1,0,2720,0,0,21110
8559,86,59,2576,3348,9001,395,364,145,12,1,44,1,1,0,2800,0,0,21110
8560,86,60,2643,3435,9001,409,378,149,12,1,45,1,1,0,2880,0,0,21110
8561,86,61,2710,3523,9001,423,392,154,12,1,45,1,1,0,2960,0,0,21110
8562,86,62,2777,3610,9001,437,406,158,12,1,46,1,1,0,3040,0,0,21110
8563,86,63,2777,3610,9001,451,420,163,12,1,47,1,1,0,3120,0,0,21110
8564,86,64,2844,3697,9001,465,434,167,12,1,47,1,1,0,3200,0,0,21110
8565,86,65,2912,3785,9001,479,448,172,12,1,48,1,1,0,3280,0,0,21110
8566,86,66,2979,3872,9001,493,462,176,12,1,49,1,1,0,3360,0,0,21110
8567,86,67,3046,3959,9001,507,476,181,12,1,49,1,1,0,3440,0,0,21110
8568,86,68,3113,4046,9001,521,490,185,12,1,50,1,1,0,3520,0,0,21110
8569,86,69,3180,4134,9001,535,504,190,12,1,51,1,1,0,3600,0,0,21110
8570,86,70,3248,4222,9001,549,518,194,12,1,52,1,1,0,3700,0,0,21110
8571,86,71,0,0,9001,0,0,0,12,0,0,0,0,0,0,0,0,21110
8572,86,72,0,0,9001,0,0,0,12,0,0,0,0,0,0,0,0,21110
8573,86,73,0,0,9001,0,0,0,12,0,0,0,0,0,0,0,0,21110
8574,86,74,0,0,9001,0,0,0,12,0,0,0,0,0,0,0,0,21110
8575,86,75,0,0,9001,0,0,0,12,0,0,0,0,0,0,0,0,21110
8576,86,76,0,0,9001,0,0,0,12,0,0,0,0,0,0,0,0,21110
8577,86,77,0,0,9001,0,0,0,12,0,0,0,0,0,0,0,0,21110
8578,86,78,0,0,9001,0,0,0,12,0,0,0,0,0,0,0,0,21110
8579,86,79,0,0,9001,0,0,0,12,0,0,0,0,0,0,0,0,21110
8580,86,80,0,0,9001,0,0,0,12,0,0,0,0,0,0,0,0,21110
8609,87,9,210,273,9001,12,9,141,12,2,2,2,2,0,160,0,0,21110
8610,87,10,220,286,9001,14,10,150,12,2,2,2,2,0,200,0,0,21110
8611,87,11,232,301,9001,16,12,159,12,2,2,3,2,0,240,0,0,21110
8612,87,12,246,319,9001,16,14,168,12,2,2,3,2,0,300,0,0,21110
8613,87,13,260,338,9001,18,16,177,12,3,3,3,3,0,350,0,0,21110
8614,87,14,274,356,9001,19,18,186,12,3,3,4,3,0,400,0,0,21110
8615,87,15,290,377,9001,21,19,201,12,3,3,4,3,0,460,0,0,21110
8616,87,16,306,397,9001,23,19,216,12,3,3,4,3,0,540,0,0,21110
8617,87,17,322,418,9001,25,21,231,12,3,3,5,3,0,600,0,0,21110
8618,87,18,340,442,9001,27,21,246,12,4,4,5,4,0,680,0,0,21110
8619,87,19,360,468,9001,28,23,261,12,4,4,5,4,0,740,0,0,21110
8620,87,20,380,494,9001,30,25,277,12,4,4,6,4,0,800,0,0,21110
8621,87,21,410,533,9001,34,30,297,12,4,4,6,4,0,840,0,0,21110
8622,87,22,472,613,9001,37,32,310,12,4,4,6,4,0,880,0,0,21110
8623,87,23,490,637,9001,39,34,324,12,5,5,7,5,0,920,0,0,21110
8624,87,24,508,660,9001,41,36,336,12,5,5,7,5,0,960,0,0,21110
8625,87,25,526,683,9001,41,36,348,12,5,5,7,5,0,1000,0,0,21110
8626,87,26,544,707,9001,43,37,361,12,5,5,8,5,0,1040,0,0,21110
8627,87,27,562,730,9001,45,41,375,12,5,5,8,5,0,1080,0,0,21110
8628,87,28,580,754,9001,46,41,391,12,6,6,8,6,0,1120,0,0,21110
8629,87,29,624,811,9001,50,45,409,12,6,6,9,6,0,1160,0,0,21110
8630,87,30,648,842,9001,54,50,429,12,6,6,9,6,0,1200,0,0,21110
8631,87,31,672,873,9001,55,50,448,12,6,6,9,6,0,1240,0,0,21110
8632,87,32,696,904,9001,57,52,460,12,6,6,10,6,0,1280,0,0,21110
8633,87,33,720,936,9001,59,54,472,12,7,7,10,7,0,1320,0,0,21110
8634,87,34,746,969,9001,61,55,484,12,7,7,10,7,0,1360,0,0,21110
8635,87,35,774,1006,9001,63,57,496,12,7,7,11,7,0,1400,0,0,21110
8636,87,36,800,1040,9001,64,59,508,12,7,7,11,7,0,1440,0,0,21110
8637,87,37,826,1073,9001,66,61,522,12,7,7,11,7,0,1480,0,0,21110
8638,87,38,852,1107,9001,68,63,535,12,7,7,12,7,0,1520,0,0,21110
8639,87,39,880,1144,9001,70,64,549,12,8,8,12,8,0,1560,0,0,21110
8640,87,40,908,1180,9001,72,66,562,12,8,8,12,8,0,1600,0,0,21110
8641,87,41,980,1274,9001,84,75,576,12,8,8,12,8,0,1640,0,0,21110
8642,87,42,1056,1372,9001,97,88,589,12,8,8,13,8,0,1680,0,0,21110
8643,87,43,1100,1430,9001,102,91,601,12,8,8,13,8,0,1720,0,0,21110
8644,87,44,1144,1487,9001,108,95,613,12,8,8,13,8,0,1760,0,0,21110
8645,87,45,1188,1544,9001,113,99,625,12,9,9,13,9,0,1800,0,0,21110
8646,87,46,1232,1601,9001,118,102,637,12,9,9,14,9,0,1860,0,0,21110
8647,87,47,1276,1658,9001,124,106,649,12,9,9,14,9,0,1920,0,0,21110
8648,87,48,1320,1716,9001,129,109,661,12,9,9,14,9,0,1980,0,0,21110
8649,87,49,1366,1775,9001,135,115,673,12,9,9,14,9,0,2040,0,0,21110
8650,87,50,1412,1835,9001,140,122,685,12,9,9,15,9,0,2100,0,0,21110
8651,87,51,1458,1895,9001,145,129,697,12,10,10,15,10,0,2160,0,0,21110
8652,87,52,1504,1955,9001,151,136,709,12,10,10,15,10,0,2240,0,0,21110
8653,87,53,1550,2015,9001,158,144,723,12,10,10,15,10,0,2320,0,0,21110
8654,87,54,1602,2082,9001,165,151,736,12,10,10,16,10,0,2400,0,0,21110
8655,87,55,1648,2142,9001,172,158,762,12,10,10,16,10,0,2480,0,0,21110
8656,87,56,1696,2204,9001,181,165,789,12,10,10,16,10,0,2560,0,0,21110
8657,87,57,1744,2267,9001,189,172,816,12,11,11,16,11,0,2640,0,0,21110
8658,87,58,1792,2329,9001,196,180,843,12,11,11,17,11,0,2720,0,0,21110
8659,87,59,1840,2392,9001,203,187,870,12,11,11,17,11,0,2800,0,0,21110
8660,87,60,1888,2454,9001,210,194,897,12,11,11,17,11,0,2880,0,0,21110
8661,87,61,1936,2516,9001,217,201,924,12,11,11,17,11,0,2960,0,0,21110
8662,87,62,1984,2579,9001,225,208,951,12,11,11,18,11,0,3040,0,0,21110
8663,87,63,1984,2579,9001,232,216,978,12,12,12,18,12,0,3120,0,0,21110
8664,87,64,2032,2641,9001,239,223,1005,12,12,12,18,12,0,3200,0,0,21110
8665,87,65,2080,2704,9001,246,230,1032,12,12,12,18,12,0,3280,0,0,21110
8666,87,66,2128,2766,9001,253,237,1059,12,12,12,19,12,0,3360,0,0,21110
8667,87,67,2176,2828,9001,261,244,1086,12,12,12,19,12,0,3440,0,0,21110
8668,87,68,2224,2891,9001,268,252,1113,12,12,12,19,12,0,3520,0,0,21110
8669,87,69,2272,2953,9001,275,259,1140,12,13,13,19,13,0,3600,0,0,21110
8670,87,70,2320,3016,9001,282,266,1167,12,13,13,20,13,0,3700,0,0,21110
8671,87,71,0,0,9001,0,0,0,0,0,0,0,0,0,0,0,0,21110
8672,87,72,0,0,9001,0,0,0,0,0,0,0,0,0,0,0,0,21110
8673,87,73,0,0,9001,0,0,0,0,0,0,0,0,0,0,0,0,21110
8674,87,74,0,0,9001,0,0,0,0,0,0,0,0,0,0,0,0,21110
8675,87,75,0,0,9001,0,0,0,0,0,0,0,0,0,0,0,0,21110
8676,87,76,0,0,9001,0,0,0,0,0,0,0,0,0,0,0,0,21110
8677,87,77,0,0,9001,0,0,0,0,0,0,0,0,0,0,0,0,21110
8678,87,78,0,0,9001,0,0,0,0,0,0,0,0,0,0,0,0,21110
8679,87,79,0,0,9001,0,0,0,0,0,0,0,0,0,0,0,0,21110
8680,87,80,0,0,9001,0,0,0,0,0,0,0,0,0,0,0,0,21110
9009,91,9,210,273,9001,17,12,94,12,1,8,5,5,0,240,0,0,21110
9010,91,10,220,286,9001,20,15,100,12,1,8,5,5,0,300,0,0,21110
9011,91,11,232,301,9001,22,17,106,12,2,8,6,5,0,360,0,0,21110
9012,91,12,246,319,9001,22,20,112,12,2,10,6,7,0,450,0,0,21110
9013,91,13,260,338,9001,25,22,118,12,2,10,6,7,0,525,0,0,21110
9014,91,14,274,356,9001,27,25,124,12,2,10,7,7,0,600,0,0,21110
9015,91,15,290,377,9001,30,27,134,12,2,12,7,7,0,690,0,0,21110
9016,91,16,306,397,9001,32,27,144,12,3,12,8,8,0,810,0,0,21110
9017,91,17,322,418,9001,35,30,154,12,3,14,8,8,0,900,0,0,21110
9018,91,18,340,442,9001,37,30,164,12,3,14,9,8,0,1020,0,0,21110
9019,91,19,360,468,9001,40,32,174,12,3,16,9,10,0,1110,0,0,21110
9020,91,20,380,494,9001,42,35,185,12,3,16,10,10,0,1200,0,0,21110
9021,91,21,410,533,9001,47,42,198,12,4,18,11,10,0,1260,0,0,21110
9022,91,22,472,613,9001,52,45,207,12,4,20,12,12,0,1320,0,0,21110
9023,91,23,490,637,9001,55,47,216,12,4,20,12,12,0,1380,0,0,21110
9024,91,24,508,660,9001,57,50,224,12,4,20,12,12,0,1440,0,0,21110
9025,91,25,526,683,9001,57,50,232,12,4,20,13,12,0,1500,0,0,21110
9026,91,26,544,707,9001,60,52,241,12,4,22,13,14,0,1560,0,0,21110
9027,91,27,562,730,9001,62,57,250,12,4,22,13,14,0,1620,0,0,21110
9028,91,28,580,754,9001,65,57,261,12,5,24,14,14,0,1680,0,0,21110
9029,91,29,624,811,9001,70,62,273,12,5,24,15,14,0,1740,0,0,21110
9030,91,30,648,842,9001,75,70,286,12,5,26,16,15,0,1800,0,0,21110
9031,91,31,672,873,9001,77,70,299,12,5,26,16,15,0,1860,0,0,21110
9032,91,32,696,904,9001,80,72,307,12,5,26,17,15,0,1920,0,0,21110
9033,91,33,720,936,9001,82,75,315,12,5,28,17,15,0,1980,0,0,21110
9034,91,34,746,969,9001,85,77,323,12,5,28,18,17,0,2040,0,0,21110
9035,91,35,774,1006,9001,87,80,331,12,6,30,18,17,0,2100,0,0,21110
9036,91,36,800,1040,9001,90,82,339,12,6,30,19,17,0,2160,0,0,21110
9037,91,37,826,1073,9001,92,85,348,12,6,32,19,19,0,2220,0,0,21110
9038,91,38,852,1107,9001,95,87,357,12,6,32,20,19,0,2280,0,0,21110
9039,91,39,880,1144,9001,97,90,366,12,6,32,20,19,0,2340,0,0,21110
9040,91,40,908,1180,9001,100,92,375,12,6,32,21,21,0,2400,0,0,21110
9041,91,41,980,1274,9001,117,105,384,12,6,32,21,21,0,2460,0,0,21110
9042,91,42,1056,1372,9001,135,122,393,12,6,32,21,22,0,2520,0,0,21110
9043,91,43,1100,1430,9001,142,127,401,12,7,34,22,22,0,2580,0,0,21110
9044,91,44,1144,1487,9001,150,132,409,12,7,34,22,22,0,2640,0,0,21110
9045,91,45,1188,1544,9001,157,137,417,12,7,34,23,22,0,2700,0,0,21110
9046,91,46,1232,1601,9001,165,142,425,12,7,36,23,24,0,2790,0,0,21110
9047,91,47,1276,1658,9001,172,147,433,12,7,36,24,24,0,2880,0,0,21110
9048,91,48,1320,1716,9001,180,152,441,12,7,36,24,24,0,2970,0,0,21110
9049,91,49,1366,1775,9001,187,160,449,12,8,38,25,24,0,3060,0,0,21110
9050,91,50,1412,1835,9001,195,170,457,12,8,38,25,24,0,3150,0,0,21110
9051,91,51,1458,1895,9001,202,180,465,12,8,40,26,26,0,3240,0,0,21110
9052,91,52,1504,1955,9001,210,190,473,12,8,40,26,26,0,3360,0,0,21110
9053,91,53,1550,2015,9001,220,200,482,12,8,40,27,26,0,3480,0,0,21110
9054,91,54,1602,2082,9001,230,210,491,12,8,42,27,28,0,3600,0,0,21110
9055,91,55,1648,2142,9001,240,220,508,12,9,42,28,28,0,3720,0,0,21110
9056,91,56,1696,2204,9001,252,230,526,12,9,42,28,28,0,3840,0,0,21110
9057,91,57,1744,2267,9001,262,240,544,12,9,44,28,29,0,3960,0,0,21110
9058,91,58,1792,2329,9001,272,250,562,12,9,44,29,29,0,4080,0,0,21110
9059,91,59,1840,2392,9001,282,260,580,12,9,44,29,29,0,4200,0,0,21110
9060,91,60,1888,2454,9001,292,270,598,12,9,46,30,29,0,4320,0,0,21110
9061,91,61,1936,2516,9001,302,280,616,12,9,46,30,31,0,4440,0,0,21110
9062,91,62,1984,2579,9001,312,290,634,12,10,46,30,31,0,4560,0,0,21110
9063,91,63,1984,2579,9001,322,300,652,12,10,48,31,31,0,4680,0,0,21110
9064,91,64,2032,2641,9001,332,310,670,12,10,48,31,31,0,4800,0,0,21110
9065,91,65,2080,2704,9001,342,320,688,12,10,48,31,33,0,4920,0,0,21110
9066,91,66,2128,2766,9001,352,330,706,12,10,50,32,33,0,5040,0,0,21110
9067,91,67,2176,2828,9001,362,340,724,12,10,50,32,33,0,5160,0,0,21110
9068,91,68,2224,2891,9001,372,350,742,12,10,50,32,33,0,5280,0,0,21110
9069,91,69,2272,2953,9001,382,360,760,12,11,52,33,35,0,5400,0,0,21110
9070,91,70,2320,3016,9001,392,370,778,12,11,52,33,35,0,5550,0,0,21110
9071,91,71,0,0,9001,0,0,0,12,0,0,0,0,0,0,0,0,21110
9072,91,72,0,0,9001,0,0,0,12,0,0,0,0,0,0,0,0,21110
9073,91,73,0,0,9001,0,0,0,12,0,0,0,0,0,0,0,0,21110
9074,91,74,0,0,9001,0,0,0,12,0,0,0,0,0,0,0,0,21110
9075,91,75,0,0,9001,0,0,0,12,0,0,0,0,0,0,0,0,21110
9076,91,76,0,0,9001,0,0,0,12,0,0,0,0,0,0,0,0,21110
9077,91,77,0,0,9001,0,0,0,12,0,0,0,0,0,0,0,0,21110
9078,91,78,0,0,9001,0,0,0,12,0,0,0,0,0,0,0,0,21110
9079,91,79,0,0,9001,0,0,0,12,0,0,0,0,0,0,0,0,21110
9080,91,80,0,0,9001,0,0,0,12,0,0,0,0,0,0,0,0,21110
9109,92,9,190,247,9001,22,20,146,13,1,4,4,4,0,240,0,0,22110
9110,92,10,202,262,9001,25,22,162,13,1,4,4,4,0,300,0,0,22110
9111,92,11,216,280,9001,27,25,178,13,1,4,4,4,0,360,0,0,22110
9112,92,12,232,301,9001,27,25,194,13,1,6,6,4,0,450,0,0,22110
9113,92,13,246,319,9001,30,27,212,13,1,6,6,6,0,525,0,0,22110
9114,92,14,262,340,9001,32,30,228,13,1,6,6,6,0,600,0,0,22110
9115,92,15,278,361,9001,35,32,244,13,1,7,7,6,0,690,0,0,22110
9116,92,16,294,382,9001,37,35,250,13,1,7,7,6,0,810,0,0,22110
9117,92,17,312,405,9001,40,37,266,13,1,7,7,6,0,900,0,0,22110
9118,92,18,332,431,9001,45,40,282,13,1,9,9,8,0,1020,0,0,22110
9119,92,19,352,457,9001,50,45,299,13,1,9,9,8,0,1110,0,0,22110
9120,92,20,372,483,9001,55,50,316,13,1,10,10,8,0,1200,0,0,22110
9121,92,21,392,509,9001,60,55,333,13,1,10,10,8,0,1260,0,0,22110
9122,92,22,412,535,9001,65,57,350,13,1,10,10,8,0,1320,0,0,22110
9123,92,23,434,564,9001,67,60,368,13,3,10,10,8,0,1380,0,0,22110
9124,92,24,460,598,9001,70,62,386,13,3,12,12,10,0,1440,0,0,22110
9125,92,25,496,644,9001,75,67,404,13,3,12,12,10,0,1500,0,0,22110
9126,92,26,528,686,9001,80,72,422,13,3,12,12,10,0,1560,0,0,22110
9127,92,27,554,720,9001,85,77,440,13,3,12,12,12,0,1620,0,0,22110
9128,92,28,580,754,9001,90,82,458,13,3,13,13,12,0,1680,0,0,22110
9129,92,29,628,816,9001,95,87,477,13,3,13,13,12,0,1740,0,0,22110
9130,92,30,656,852,9001,97,90,495,13,3,13,13,12,0,1800,0,0,22110
9131,92,31,684,889,9001,100,92,510,13,3,13,13,14,0,1860,0,0,22110
9132,92,32,712,925,9001,105,97,528,13,3,15,15,14,0,1920,0,0,22110
9133,92,33,740,962,9001,110,102,546,13,3,15,15,14,0,1980,0,0,22110
9134,92,34,770,1001,9001,112,105,562,13,3,15,15,14,0,2040,0,0,22110
9135,92,35,800,1040,9001,115,107,580,13,3,16,16,16,0,2100,0,0,22110
9136,92,36,830,1079,9001,120,112,598,13,4,16,16,16,0,2160,0,0,22110
9137,92,37,860,1118,9001,125,117,618,13,4,16,16,16,0,2220,0,0,22110
9138,92,38,890,1157,9001,130,122,636,13,4,18,18,16,0,2280,0,0,22110
9139,92,39,920,1196,9001,135,127,654,13,4,18,18,16,0,2340,0,0,22110
9140,92,40,950,1235,9001,137,130,670,13,4,18,18,18,0,2400,0,0,22110
9141,92,41,986,1281,9001,150,140,683,13,4,18,18,18,0,2460,0,0,22110
9142,92,42,1022,1328,9001,162,150,696,13,4,19,19,18,0,2520,0,0,22110
9143,92,43,1058,1375,9001,175,160,710,13,4,19,19,18,0,2580,0,0,22110
9144,92,44,1094,1422,9001,187,170,724,13,4,19,19,18,0,2640,0,0,22110
9145,92,45,1130,1469,9001,200,180,738,13,4,21,21,18,0,2700,0,0,22110
9146,92,46,1168,1518,9001,212,190,752,13,4,21,21,18,0,2790,0,0,22110
9147,92,47,1186,1541,9001,225,200,766,13,4,21,21,18,0,2880,0,0,22110
9148,92,48,1224,1591,9001,237,212,780,13,4,21,21,18,0,2970,0,0,22110
9149,92,49,1280,1664,9001,250,227,795,13,4,22,22,20,0,3060,0,0,22110
9150,92,50,1324,1721,9001,262,237,811,13,4,22,22,20,0,3150,0,0,22110
9151,92,51,1370,1781,9001,275,247,827,13,4,22,22,20,0,3240,0,0,22110
9152,92,52,1416,1840,9001,287,257,844,13,4,24,24,20,0,3360,0,0,22110
9153,92,53,1464,1903,9001,300,267,860,13,6,24,24,20,0,3480,0,0,22110
9154,92,54,1512,1965,9001,312,280,876,13,6,25,25,22,0,3600,0,0,22110
9155,92,55,1560,2028,9001,325,292,892,13,6,25,25,22,0,3720,0,0,22110
9156,92,56,1610,2093,9001,337,305,908,13,6,25,25,22,0,3840,0,0,22110
9157,92,57,1660,2158,9001,350,317,925,13,6,25,25,22,0,3960,0,0,22110
9158,92,58,1710,2223,9001,365,330,943,13,6,25,25,22,0,4080,0,0,22110
9159,92,59,1764,2293,9001,380,342,958,13,6,27,27,24,0,4200,0,0,22110
9160,92,60,1820,2366,9001,395,355,975,13,6,27,27,24,0,4320,0,0,22110
9161,92,61,1874,2436,9001,410,367,1002,13,6,27,27,24,0,4440,0,0,22110
9162,92,62,1928,2506,9001,425,380,1029,13,6,27,27,24,0,4560,0,0,22110
9163,92,63,1982,2576,9001,440,392,1056,13,6,27,27,24,0,4680,0,0,22110
9164,92,64,2036,2646,9001,455,405,1083,13,6,28,28,26,0,4800,0,0,22110
9165,92,65,2090,2717,9001,470,417,1110,13,6,28,28,26,0,4920,0,0,22110
9166,92,66,2144,2787,9001,485,430,1137,13,6,28,28,26,0,5040,0,0,22110
9167,92,67,2198,2857,9001,500,442,1164,13,6,28,28,26,0,5160,0,0,22110
9168,92,68,2252,2927,9001,515,455,1191,13,6,28,28,26,0,5280,0,0,22110
9169,92,69,2306,2997,9001,530,467,1218,13,6,28,28,26,0,5400,0,0,22110
9170,92,70,2360,3068,9001,545,480,1245,13,6,30,30,28,0,5550,0,0,22110
9171,92,71,0,0,9001,0,0,0,13,0,0,0,0,0,0,0,0,22110
9172,92,72,0,0,9001,0,0,0,13,0,0,0,0,0,0,0,0,22110
9173,92,73,0,0,9001,0,0,0,13,0,0,0,0,0,0,0,0,22110
9174,92,74,0,0,9001,0,0,0,13,0,0,0,0,0,0,0,0,22110
9175,92,75,0,0,9001,0,0,0,13,0,0,0,0,0,0,0,0,22110
9176,92,76,0,0,9001,0,0,0,13,0,0,0,0,0,0,0,0,22110
9177,92,77,0,0,9001,0,0,0,13,0,0,0,0,0,0,0,0,22110
9178,92,78,0,0,9001,0,0,0,13,0,0,0,0,0,0,0,0,22110
9179,92,79,0,0,9001,0,0,0,13,0,0,0,0,0,0,0,0,22110
9180,92,80,0,0,9001,0,0,0,13,0,0,0,0,0,0,0,0,22110
9209,93,9,204,265,9001,16,11,154,16,2,4,4,4,0,240,0,0,23110
9210,93,10,216,280,9001,18,13,161,16,2,4,4,4,0,300,0,0,23110
9211,93,11,228,296,9001,20,16,168,16,2,4,4,4,0,360,0,0,23110
9212,93,12,240,312,9001,23,18,176,16,4,6,6,6,0,450,0,0,23110
9213,93,13,252,327,9001,25,20,184,16,4,6,6,6,0,525,0,0,23110
9214,93,14,268,348,9001,27,23,193,16,4,6,6,6,0,600,0,0,23110
9215,93,15,284,369,9001,32,25,202,16,4,6,6,6,0,690,0,0,23110
9216,93,16,300,390,9001,34,27,211,16,4,6,6,6,0,810,0,0,23110
9217,93,17,316,410,9001,36,29,220,16,4,6,6,6,0,900,0,0,23110
9218,93,18,332,431,9001,41,36,231,16,4,8,8,8,0,1020,0,0,23110
9219,93,19,352,457,9001,43,39,243,16,6,8,8,8,0,1110,0,0,23110
9220,93,20,376,488,9001,48,41,256,16,6,8,8,8,0,1200,0,0,23110
9221,93,21,400,520,9001,52,43,270,16,6,8,8,8,0,1260,0,0,23110
9222,93,22,424,551,9001,59,48,285,16,8,10,10,10,0,1320,0,0,23110
9223,93,23,448,582,9001,62,50,300,16,8,10,10,10,0,1380,0,0,23110
9224,93,24,472,613,9001,64,52,316,16,8,10,10,10,0,1440,0,0,23110
9225,93,25,496,644,9001,66,55,333,16,8,10,10,10,0,1500,0,0,23110
9226,93,26,524,681,9001,71,57,351,16,8,10,10,10,0,1560,0,0,23110
9227,93,27,552,717,9001,75,59,369,16,8,12,12,12,0,1620,0,0,23110
9228,93,28,580,754,9001,80,64,385,16,8,12,12,12,0,1680,0,0,23110
9229,93,29,612,795,9001,85,71,402,16,8,12,12,12,0,1740,0,0,23110
9230,93,30,640,832,9001,89,75,420,16,8,12,12,12,0,1800,0,0,23110
9231,93,31,676,878,9001,94,80,436,16,10,12,12,12,0,1860,0,0,23110
9232,93,32,712,925,9001,98,85,444,16,10,14,14,14,0,1920,0,0,23110
9233,93,33,744,967,9001,103,89,460,16,10,14,14,14,0,1980,0,0,23110
9234,93,34,776,1008,9001,108,94,476,16,10,14,14,14,0,2040,0,0,23110
9235,93,35,812,1055,9001,112,98,494,16,10,14,14,14,0,2100,0,0,23110
9236,93,36,848,1102,9001,117,101,512,16,10,14,14,14,0,2160,0,0,23110
9237,93,37,884,1149,9001,121,105,530,16,10,16,16,16,0,2220,0,0,23110
9238,93,38,920,1196,9001,128,110,546,16,10,16,16,16,0,2280,0,0,23110
9239,93,39,958,1245,9001,138,115,560,16,12,16,16,16,0,2340,0,0,23110
9240,93,40,1000,1300,9001,149,121,574,16,12,16,16,16,0,2400,0,0,23110
9241,93,41,1058,1375,9001,161,133,588,16,12,16,16,16,0,2460,0,0,23110
9242,93,42,1112,1445,9001,174,142,596,16,12,16,16,16,0,2520,0,0,23110
9243,93,43,1134,1474,9001,188,154,604,16,12,18,18,18,0,2580,0,0,23110
9244,93,44,1186,1541,9001,200,161,621,16,12,18,18,18,0,2640,0,0,23110
9245,93,45,1238,1609,9001,209,167,638,16,14,18,18,18,0,2700,0,0,23110
9246,93,46,1296,1684,9001,218,174,643,16,14,18,18,18,0,2790,0,0,23110
9247,93,47,1354,1760,9001,230,184,649,16,14,18,18,18,0,2880,0,0,23110
9248,93,48,1412,1835,9001,241,193,655,16,14,18,18,18,0,2970,0,0,23110
9249,93,49,1470,1911,9001,253,202,661,16,14,20,20,20,0,3060,0,0,23110
9250,93,50,1528,1986,9001,264,211,674,16,14,20,20,20,0,3150,0,0,23110
9251,93,51,1586,2061,9001,276,220,688,16,14,20,20,20,0,3240,0,0,23110
9252,93,52,1644,2137,9001,287,232,702,16,14,20,20,20,0,3360,0,0,23110
9253,93,53,1702,2212,9001,301,243,716,16,16,20,20,20,0,3480,0,0,23110
9254,93,54,1760,2288,9001,315,255,730,16,16,20,20,20,0,3600,0,0,23110
9255,93,55,1820,2366,9001,328,266,744,16,16,22,22,22,0,3720,0,0,23110
9256,93,56,1880,2444,9001,342,280,756,16,16,22,22,22,0,3840,0,0,23110
9257,93,57,1960,2548,9001,354,289,783,16,16,22,22,22,0,3960,0,0,23110
9258,93,58,2040,2652,9001,368,301,810,16,16,22,22,22,0,4080,0,0,23110
9259,93,59,2140,2782,9001,381,312,837,16,18,24,24,24,0,4200,0,0,23110
9260,93,60,2214,2878,9001,381,328,837,16,18,24,24,24,0,4320,0,0,23110
9261,93,61,2288,2974,9001,400,345,846,16,18,24,24,24,0,4440,0,0,23110
9262,93,62,2362,3070,9001,418,361,855,16,18,24,24,24,0,4560,0,0,23110
9263,93,63,2436,3166,9001,437,377,865,16,18,24,24,24,0,4680,0,0,23110
9264,93,64,2510,3263,9001,455,393,875,16,18,24,24,24,0,4800,0,0,23110
9265,93,65,2584,3359,9001,473,409,885,16,20,26,26,26,0,4920,0,0,23110
9266,93,66,2658,3455,9001,494,425,895,16,20,26,26,26,0,5040,0,0,23110
9267,93,67,2734,3554,9001,512,443,905,16,20,26,26,26,0,5160,0,0,23110
9268,93,68,2810,3653,9001,533,462,915,16,20,26,26,26,0,5280,0,0,23110
9269,93,69,2886,3751,9001,554,480,925,16,20,26,26,26,0,5400,0,0,23110
9270,93,70,2972,3863,9001,575,496,935,16,22,28,28,28,0,5550,0,0,23110
9271,93,71,0,0,9001,0,0,0,16,0,0,0,0,0,0,0,0,23110
9272,93,72,0,0,9001,0,0,0,16,0,0,0,0,0,0,0,0,23110
9273,93,73,0,0,9001,0,0,0,16,0,0,0,0,0,0,0,0,23110
9274,93,74,0,0,9001,0,0,0,16,0,0,0,0,0,0,0,0,23110
9275,93,75,0,0,9001,0,0,0,16,0,0,0,0,0,0,0,0,23110
9276,93,76,0,0,9001,0,0,0,16,0,0,0,0,0,0,0,0,23110
9277,93,77,0,0,9001,0,0,0,16,0,0,0,0,0,0,0,0,23110
9278,93,78,0,0,9001,0,0,0,16,0,0,0,0,0,0,0,0,23110
9279,93,79,0,0,9001,0,0,0,16,0,0,0,0,0,0,0,0,23110
9280,93,80,0,0,9001,0,0,0,16,0,0,0,0,0,0,0,0,23110
9309,94,9,248,322,9001,25,15,327,17,1,2,2,4,0,240,0,0,21110
9310,94,10,264,343,9001,27,17,352,17,2,2,2,6,0,300,0,0,21110
9311,94,11,280,364,9001,30,20,382,17,2,2,2,6,0,360,0,0,21110
9312,94,12,298,387,9001,32,22,415,17,2,2,2,6,0,450,0,0,21110
9313,94,13,318,413,9001,35,25,451,17,4,2,4,8,0,525,0,0,21110
9314,94,14,340,442,9001,37,27,487,17,4,2,4,8,0,600,0,0,21110
9315,94,15,360,468,9001,40,30,523,17,4,2,4,8,0,690,0,0,21110
9316,94,16,382,496,9001,42,32,558,17,4,2,4,8,0,810,0,0,21110
9317,94,17,404,525,9001,45,35,591,17,4,2,4,10,0,900,0,0,21110
9318,94,18,428,556,9001,47,37,495,17,4,2,4,10,0,1020,0,0,21110
9319,94,19,454,590,9001,50,40,543,17,4,2,4,10,0,1110,0,0,21110
9320,94,20,480,624,9001,55,45,613,17,4,2,4,10,0,1200,0,0,21110
9321,94,21,506,657,9001,60,50,672,17,6,2,6,12,0,1260,0,0,21110
9322,94,22,534,694,9001,65,55,735,17,6,2,6,12,0,1320,0,0,21110
9323,94,23,560,728,9001,70,60,799,17,6,2,6,14,0,1380,0,0,21110
9324,94,24,588,764,9001,75,62,834,17,6,2,6,14,0,1440,0,0,21110
9325,94,25,616,800,9001,80,67,900,17,6,2,6,14,0,1500,0,0,21110
9326,94,26,644,837,9001,85,70,934,17,6,2,6,16,0,1560,0,0,21110
9327,94,27,672,873,9001,92,75,969,17,8,4,8,16,0,1620,0,0,21110
9328,94,28,700,910,9001,100,80,1002,17,8,4,8,16,0,1680,0,0,21110
9329,94,29,728,946,9001,107,85,1035,17,8,4,8,18,0,1740,0,0,21110
9330,94,30,756,982,9001,115,90,1068,17,8,4,8,18,0,1800,0,0,21110
9331,94,31,784,1019,9001,122,95,1101,17,8,4,8,18,0,1860,0,0,21110
9332,94,32,812,1055,9001,130,100,1134,17,8,4,8,20,0,1920,0,0,21110
9333,94,33,840,1092,9001,137,105,1167,17,8,4,8,20,0,1980,0,0,21110
9334,94,34,870,1131,9001,145,110,1200,17,10,6,10,22,0,2040,0,0,21110
9335,94,35,900,1170,9001,152,115,1233,17,10,6,10,22,0,2100,0,0,21110
9336,94,36,930,1209,9001,160,120,1266,17,10,6,10,22,0,2160,0,0,21110
9337,94,37,962,1250,9001,167,125,1299,17,10,6,10,22,0,2220,0,0,21110
9338,94,38,996,1294,9001,175,130,1332,17,10,6,10,22,0,2280,0,0,21110
9339,94,39,1030,1339,9001,182,135,1365,17,10,6,10,24,0,2340,0,0,21110
9340,94,40,1070,1391,9001,190,140,1398,17,10,6,10,24,0,2400,0,0,21110
9341,94,41,1142,1484,9001,197,145,1431,17,10,6,10,24,0,2460,0,0,21110
9342,94,42,1214,1578,9001,205,150,1464,17,10,6,10,26,0,2520,0,0,21110
9343,94,43,1286,1671,9001,212,155,1497,17,10,6,10,26,0,2580,0,0,21110
9344,94,44,1358,1765,9001,220,162,1531,17,10,6,10,26,0,2640,0,0,21110
9345,94,45,1430,1859,9001,230,170,1566,17,10,6,10,28,0,2700,0,0,21110
9346,94,46,1486,1931,9001,240,177,1600,17,10,6,10,28,0,2790,0,0,21110
9347,94,47,1542,2004,9001,252,185,1635,17,10,6,10,28,0,2880,0,0,21110
9348,94,48,1598,2077,9001,265,192,1669,17,10,6,10,28,0,2970,0,0,21110
9349,94,49,1654,2150,9001,277,202,1704,17,10,6,10,30,0,3060,0,0,21110
9350,94,50,1710,2223,9001,290,212,1738,17,10,6,10,30,0,3150,0,0,21110
9351,94,51,1768,2298,9001,302,222,1773,17,10,6,10,30,0,3240,0,0,21110
9352,94,52,1826,2373,9001,315,232,1807,17,10,6,10,30,0,3360,0,0,21110
9353,94,53,1884,2449,9001,327,242,1842,17,10,6,10,32,0,3480,0,0,21110
9354,94,54,1942,2524,9001,340,252,1878,17,12,6,12,32,0,3600,0,0,21110
9355,94,55,2000,2600,9001,352,262,1914,17,12,6,12,32,0,3720,0,0,21110
9356,94,56,2058,2675,9001,365,272,1950,17,12,6,12,32,0,3840,0,0,21110
9357,94,57,2116,2750,9001,377,282,1986,17,12,8,12,34,0,3960,0,0,21110
9358,94,58,2174,2826,9001,390,292,2022,17,12,8,12,34,0,4080,0,0,21110
9359,94,59,2232,2901,9001,402,302,2058,17,12,8,12,34,0,4200,0,0,21110
9360,94,60,2290,2977,9001,415,312,2094,17,12,8,12,34,0,4320,0,0,21110
9361,94,61,2348,3052,9001,427,322,2130,17,12,8,12,36,0,4440,0,0,21110
9362,94,62,2406,3127,9001,440,332,2166,17,12,8,12,36,0,4560,0,0,21110
9363,94,63,2464,3203,9001,452,342,2202,17,12,8,12,36,0,4680,0,0,21110
9364,94,64,2522,3278,9001,465,352,2238,17,12,8,12,36,0,4800,0,0,21110
9365,94,65,2580,3354,9001,477,362,2274,17,12,8,12,38,0,4920,0,0,21110
9366,94,66,2638,3429,9001,490,372,2310,17,12,8,12,38,0,5040,0,0,21110
9367,94,67,2696,3504,9001,502,382,2346,17,12,8,12,38,0,5160,0,0,21110
9368,94,68,2754,3580,9001,515,392,2382,17,12,8,12,38,0,5280,0,0,21110
9369,94,69,2812,3655,9001,527,402,2418,17,12,8,12,40,0,5400,0,0,21110
9370,94,70,2870,3731,9001,540,412,2454,17,12,8,12,40,0,5550,0,0,21110
9371,94,71,0,0,9001,0,0,0,17,0,0,0,0,0,0,0,0,21110
9372,94,72,0,0,9001,0,0,0,17,0,0,0,0,0,0,0,0,21110
9373,94,73,0,0,9001,0,0,0,17,0,0,0,0,0,0,0,0,21110
9374,94,74,0,0,9001,0,0,0,17,0,0,0,0,0,0,0,0,21110
9375,94,75,0,0,9001,0,0,0,17,0,0,0,0,0,0,0,0,21110
9376,94,76,0,0,9001,0,0,0,17,0,0,0,0,0,0,0,0,21110
9377,94,77,0,0,9001,0,0,0,17,0,0,0,0,0,0,0,0,21110
9378,94,78,0,0,9001,0,0,0,17,0,0,0,0,0,0,0,0,21110
9379,94,79,0,0,9001,0,0,0,17,0,0,0,0,0,0,0,0,21110
9380,94,80,0,0,9001,0,0,0,17,0,0,0,0,0,0,0,0,21110
9409,95,9,184,239,9001,30,20,277,20,2,2,2,2,0,240,0,0,21110
9410,95,10,220,286,9001,32,22,300,20,2,2,2,2,0,300,0,0,21110
9411,95,11,238,309,9001,35,25,324,20,2,2,2,2,0,360,0,0,21110
9412,95,12,258,335,9001,37,27,349,20,2,2,2,2,0,450,0,0,21110
9413,95,13,280,364,9001,40,30,376,20,2,2,2,2,0,525,0,0,21110
9414,95,14,304,395,9001,42,32,405,20,2,2,2,2,0,600,0,0,21110
9415,95,15,330,429,9001,47,35,432,20,2,2,2,2,0,690,0,0,21110
9416,95,16,350,455,9001,50,37,475,20,2,2,2,2,0,810,0,0,21110
9417,95,17,370,481,9001,52,40,505,20,2,2,2,2,0,900,0,0,21110
9418,95,18,390,507,9001,57,42,526,20,2,2,2,2,0,1020,0,0,21110
9419,95,19,414,538,9001,62,45,555,20,2,2,2,2,0,1110,0,0,21110
9420,95,20,454,590,9001,67,50,579,20,2,2,2,2,0,1200,0,0,21110
9421,95,21,480,624,9001,72,52,624,20,2,2,2,2,0,1260,0,0,21110
9422,95,22,508,660,9001,80,57,669,20,2,2,2,2,0,1320,0,0,21110
9423,95,23,540,702,9001,90,62,699,20,2,2,2,2,0,1380,0,0,21110
9424,95,24,574,746,9001,100,67,729,20,2,2,2,2,0,1440,0,0,21110
9425,95,25,608,790,9001,105,72,759,20,2,2,2,2,0,1500,0,0,21110
9426,95,26,644,837,9001,110,80,789,20,2,2,2,2,0,1560,0,0,21110
9427,95,27,668,868,9001,115,85,808,20,2,2,2,2,0,1620,0,0,21110
9428,95,28,692,899,9001,120,90,828,20,2,2,2,2,0,1680,0,0,21110
9429,95,29,718,933,9001,125,95,849,20,2,2,2,2,0,1740,0,0,21110
9430,95,30,750,975,9001,132,100,880,20,5,5,5,5,0,1800,0,0,21110
9431,95,31,780,1014,9001,142,107,912,20,5,5,5,5,0,1860,0,0,21110
9432,95,32,840,1092,9001,150,115,946,20,5,5,5,5,0,1920,0,0,21110
9433,95,33,900,1170,9001,157,122,985,20,5,5,5,5,0,1980,0,0,21110
9434,95,34,960,1248,9001,165,130,1023,20,5,5,5,5,0,2040,0,0,21110
9435,95,35,1000,1300,9001,172,137,1060,20,5,5,5,5,0,2100,0,0,21110
9436,95,36,1040,1352,9001,180,145,1098,20,5,5,5,5,0,2160,0,0,21110
9437,95,37,1080,1404,9001,187,152,1135,20,5,5,5,5,0,2220,0,0,21110
9438,95,38,1120,1456,9001,197,160,1177,20,5,5,5,5,0,2280,0,0,21110
9439,95,39,1160,1508,9001,207,167,1215,20,5,5,5,5,0,2340,0,0,21110
9440,95,40,1200,1560,9001,217,175,1252,20,5,5,5,5,0,2400,0,0,21110
9441,95,41,1254,1630,9001,257,185,1212,20,5,5,5,5,0,2460,0,0,21110
9442,95,42,1304,1695,9001,270,195,1239,20,5,5,5,5,0,2520,0,0,21110
9443,95,43,1354,1760,9001,282,205,1266,20,5,5,5,5,0,2580,0,0,21110
9444,95,44,1404,1825,9001,297,215,1293,20,5,5,5,5,0,2640,0,0,21110
9445,95,45,1454,1890,9001,312,225,1320,20,5,5,5,5,0,2700,0,0,21110
9446,95,46,1504,1955,9001,327,235,1348,20,5,5,5,5,0,2790,0,0,21110
9447,95,47,1556,2022,9001,342,250,1377,20,5,5,5,5,0,2880,0,0,21110
9448,95,48,1616,2100,9001,360,260,1405,20,5,5,5,5,0,2970,0,0,21110
9449,95,49,1676,2178,9001,377,272,1434,20,5,5,5,5,0,3060,0,0,21110
9450,95,50,1736,2256,9001,397,287,1462,20,5,5,5,5,0,3150,0,0,21110
9451,95,51,1802,2342,9001,417,302,1492,20,7,5,7,5,0,3240,0,0,21110
9452,95,52,1880,2444,9001,435,332,1545,20,7,5,7,5,0,3360,0,0,21110
9453,95,53,1948,2532,9001,452,347,1590,20,7,5,7,5,0,3480,0,0,21110
9454,95,54,2016,2620,9001,470,362,1635,20,7,5,7,5,0,3600,0,0,21110
9455,95,55,2084,2709,9001,487,377,1680,20,7,5,7,5,0,3720,0,0,21110
9456,95,56,2152,2797,9001,505,392,1725,20,7,5,7,5,0,3840,0,0,21110
9457,95,57,2220,2886,9001,522,407,1770,20,7,5,7,5,0,3960,0,0,21110
9458,95,58,2288,2974,9001,540,422,1815,20,7,5,7,5,0,4080,0,0,21110
9459,95,59,2356,3062,9001,560,437,1860,20,7,5,7,5,0,4200,0,0,21110
9460,95,60,2424,3151,9001,580,452,1905,20,7,5,7,5,0,4320,0,0,21110
9461,95,61,2492,3239,9001,600,470,1950,20,7,5,7,5,0,4440,0,0,21110
9462,95,62,2560,3328,9001,620,487,1995,20,7,5,7,5,0,4560,0,0,21110
9463,95,63,2628,3416,9001,640,505,2040,20,7,5,7,5,0,4680,0,0,21110
9464,95,64,2696,3504,9001,660,522,2085,20,7,5,7,5,0,4800,0,0,21110
9465,95,65,2764,3593,9001,680,540,2130,20,7,5,7,5,0,4920,0,0,21110
9466,95,66,2832,3681,9001,700,557,2175,20,7,5,7,5,0,5040,0,0,21110
9467,95,67,2900,3770,9001,720,575,2220,20,7,5,7,5,0,5160,0,0,21110
9468,95,68,2968,3858,9001,740,592,2265,20,7,5,7,5,0,5280,0,0,21110
9469,95,69,3036,3946,9001,760,610,2310,20,7,5,7,5,0,5400,0,0,21110
9470,95,70,3104,4035,9001,780,627,2355,20,7,5,7,5,0,5550,0,0,21110
9471,95,71,0,0,9001,0,0,0,20,0,0,0,0,0,0,0,0,21110
9472,95,72,0,0,9001,0,0,0,20,0,0,0,0,0,0,0,0,21110
9473,95,73,0,0,9001,0,0,0,20,0,0,0,0,0,0,0,0,21110
9474,95,74,0,0,9001,0,0,0,20,0,0,0,0,0,0,0,0,21110
9475,95,75,0,0,9001,0,0,0,20,0,0,0,0,0,0,0,0,21110
9476,95,76,0,0,9001,0,0,0,20,0,0,0,0,0,0,0,0,21110
9477,95,77,0,0,9001,0,0,0,20,0,0,0,0,0,0,0,0,21110
9478,95,78,0,0,9001,0,0,0,20,0,0,0,0,0,0,0,0,21110
9479,95,79,0,0,9001,0,0,0,20,0,0,0,0,0,0,0,0,21110
9480,95,80,0,0,9001,0,0,0,20,0,0,0,0,0,0,0,0,21110
10001,101,27,1800,1200,9501,100,90,100,17,5,10,0,0,0,2700,0,0,21110
10002,101,35,3000,3000,9502,145,120,600,16,10,0,10,0,0,3900,0,0,21110
10003,101,45,5000,2000,9503,320,280,200,17,0,0,10,15,0,5250,0,0,21110
10004,101,59,4000,5000,9504,240,200,900,12,10,20,5,15,0,7200,0,0,21110
10005,101,70,8000,6000,9505,780,750,2000,20,0,0,15,10,0,9250,0,0,21110
